Year,Week,Age,Gender,R-value,1rst_Vac,2nd_Vac,Booster,Intensive_Care,Cases,Deaths,Incidence,Hospitalization,Lockdown-Intensity,Date
2020.0,12.0,45.99568333358129,0.5523424927142279,1.13,0.0,0.0,0.0,200.0,4048.0,48.142857142857146,22.924187725631768,1037.7142857142858,2,2020-03-20
2020.0,12.0,46.1590820594404,0.5487448123222537,1.04,0.0,0.0,0.0,308.0,3356.0,58.857142857142854,25.394705174488568,1284.5714285714287,2,2020-03-21
2020.0,12.0,46.322480785299526,0.5443137527570556,0.98,0.0,0.0,0.0,364.0,2266.0,68.0,26.9410348977136,1583.047619047619,3,2020-03-22
2020.0,12.0,46.48587951115864,0.5390493140186339,0.92,0.0,0.0,0.0,451.0,3729.0,81.71428571428571,28.979542719614923,1908.0,3,2020-03-23
2020.0,12.0,46.649278237017754,0.5329514961069883,0.9,0.0,0.0,0.0,616.0,4881.0,99.42857142857143,31.21179302045728,2259.0476190476193,3,2020-03-24
2020.0,12.0,46.812676962876864,0.5260202990221191,0.9,0.0,0.0,0.0,789.0,5676.0,121.42857142857143,33.709987966305654,2665.333333333333,3,2020-03-25
2020.0,13.0,47.24124839144829,0.5182557227640261,0.88,0.0,0.0,0.0,824.0,5902.0,150.42857142857142,35.93020457280385,3113.3333333333335,3,2020-03-26
2020.0,13.0,47.4046471173074,0.5106976226841523,0.9,0.0,0.0,0.0,905.0,5980.0,174.42857142857142,38.25511432009627,3602.095238095238,3,2020-03-27
2020.0,13.0,47.56804584316651,0.5033459987824976,0.9,0.0,0.0,0.0,1001.0,4721.0,196.28571428571428,39.89771359807461,4129.333333333334,3,2020-03-28
2020.0,13.0,47.73144456902563,0.496200851059062,0.9,0.0,0.0,0.0,1063.0,3076.0,208.71428571428572,40.872442839951866,4671.2380952380945,3,2020-03-29
2020.0,13.0,47.89484329488473,0.4892621795138456,0.92,0.0,0.0,0.0,1203.0,4117.0,228.14285714285714,41.33935018050541,5226.285714285715,3,2020-03-30
2020.0,13.0,48.058242020743855,0.4825299841468483,0.93,0.0,0.0,0.0,1550.0,6059.0,258.7142857142857,42.75691937424789,5787.809523809525,3,2020-03-31
2020.0,13.0,48.221640746602965,0.47600426495807013,0.93,0.0,0.0,0.0,1784.0,6256.0,281.42857142857144,43.454873646209386,6342.095238095238,3,2020-04-01
2020.0,14.0,48.65021217517439,0.46968502194751105,0.95,0.0,0.0,0.0,2102.0,6546.0,302.85714285714283,44.229843561973524,6846.285714285715,3,2020-04-02
2020.0,14.0,48.813610901033506,0.46394158739683417,0.93,0.0,0.0,0.0,2361.0,6194.0,321.85714285714283,44.48736462093863,7282.285714285715,3,2020-04-03
2020.0,14.0,48.97700962689262,0.4587739613060396,0.92,0.0,0.0,0.0,2471.0,4342.0,321.42857142857144,44.03128760529483,7642.666666666666,3,2020-04-04
2020.0,14.0,49.14040835275173,0.4541821436751271,0.89,0.0,0.0,0.0,2528.0,2535.0,324.0,43.380264741275575,7903.619047619048,3,2020-04-05
2020.0,14.0,49.30380707861085,0.4501661345040969,0.89,0.0,0.0,0.0,2551.0,3660.0,327.42857142857144,42.83032490974729,8085.333333333334,3,2020-04-06
2020.0,14.0,49.46720580446995,0.4467259337929489,0.87,0.0,0.0,0.0,2641.0,5189.0,321.42857142857144,41.78339350180505,8191.047619047618,3,2020-04-07
2020.0,14.0,49.63060453032907,0.443861541541683,0.85,0.0,0.0,0.0,2654.0,5275.0,316.57142857142856,40.6028880866426,8168.190476190476,3,2020-04-08
2020.0,15.0,49.77346167318621,0.44157295775029937,0.83,0.0,0.0,0.0,2714.0,4905.0,303.57142857142856,38.628158844765345,8071.142857142857,3,2020-04-09
2020.0,15.0,49.93686039904532,0.43986663454828484,0.81,0.0,0.0,0.0,2702.0,3354.0,276.57142857142856,35.210589651022865,7914.666666666666,3,2020-04-10
2020.0,15.0,50.10025912490444,0.43874257193563937,0.81,0.0,0.0,0.0,2652.0,2884.0,270.2857142857143,33.4560770156438,7652.285714285715,3,2020-04-11
2020.0,15.0,50.26365785076355,0.43820076991236295,0.79,0.0,0.0,0.0,2652.0,1864.0,267.85714285714283,32.64861612515042,7378.857142857143,3,2020-04-12
2020.0,15.0,50.42705657662266,0.43824122847845576,0.79,0.0,0.0,0.0,2719.0,1598.0,249.57142857142858,30.167268351383875,7118.7619047619055,3,2020-04-13
2020.0,15.0,50.59045530248178,0.43886394763391756,0.78,0.0,0.0,0.0,2722.0,2463.0,232.14285714285714,26.886883273164862,6799.619047619048,3,2020-04-14
2020.0,15.0,50.75385402834089,0.44006892737874853,0.76,0.0,0.0,0.0,2735.0,3323.0,216.28571428571428,24.537906137184116,6471.9047619047615,3,2020-04-15
2020.0,16.0,50.61099688548375,0.44185616771294856,0.78,0.0,0.0,0.0,2810.0,3416.0,197.0,22.746089049338146,6138.285714285715,3,2020-04-16
2020.0,16.0,50.71888485402934,0.44342343315447136,0.8,0.0,0.0,0.0,2879.0,3044.0,192.28571428571428,22.373044524669073,5798.380952380953,3,2020-04-17
2020.0,16.0,50.77126206526141,0.4447707237033168,0.81,0.0,0.0,0.0,2928.0,2106.0,181.14285714285714,21.43682310469314,5545.52380952381,3,2020-04-18
2020.0,16.0,50.768128519179974,0.44589803935948497,0.84,0.0,0.0,0.0,2870.0,1375.0,174.28571428571428,20.84837545126354,5299.523809523809,3,2020-04-19
2020.0,16.0,50.70948421578502,0.4468053801229758,0.84,0.0,0.0,0.0,2900.0,1710.0,172.42857142857142,20.983152827918172,5042.666666666667,3,2020-04-20
2020.0,16.0,50.59532915507653,0.44749274599378946,0.82,0.0,0.0,0.0,2855.0,2183.0,161.14285714285714,20.646209386281587,4863.904761904762,3,2020-04-21
2020.0,16.0,50.42566333705453,0.4479601369719258,0.83,0.0,0.0,0.0,2739.0,2488.0,146.14285714285714,19.641395908543924,4707.809523809524,3,2020-04-22
2020.0,17.0,50.28280619419739,0.44820755305738486,0.81,0.0,0.0,0.0,2720.0,2089.0,135.57142857142858,18.044524669073404,4541.714285714285,3,2020-04-23
2020.0,17.0,50.057629618861874,0.4490187654663645,0.81,0.0,0.0,0.0,2644.0,1903.0,122.57142857142857,16.67148014440433,4365.904761904762,3,2020-04-24
2020.0,17.0,49.83245304352636,0.4503937741988647,0.83,0.0,0.0,0.0,2538.0,1272.0,116.42857142857143,15.667870036101084,4153.142857142857,3,2020-04-25
2020.0,17.0,49.60727646819084,0.4523325792548855,0.82,0.0,0.0,0.0,2524.0,703.0,103.71428571428571,14.859205776173285,3940.7619047619046,3,2020-04-26
2020.0,17.0,49.38209989285532,0.4548351806344269,0.82,0.0,0.0,0.0,2466.0,1117.0,93.0,14.14560770156438,3722.4761904761904,3,2020-04-27
2020.0,17.0,49.156923317519805,0.45790157833748896,0.81,0.0,0.0,0.0,2391.0,1460.0,85.0,13.275571600481348,3463.2380952380954,3,2020-04-28
2020.0,17.0,48.931746742184295,0.46153177236407145,0.81,0.0,0.0,0.0,2310.0,1430.0,75.28571428571429,12.002406738868833,3219.619047619048,3,2020-04-29
2020.0,18.0,48.64603245647,0.46572576271417454,0.81,0.0,0.0,0.0,2235.0,1457.0,68.71428571428571,11.24187725631769,2985.714285714286,3,2020-04-30
2020.0,18.0,48.42085588113449,0.46936523868009544,0.82,0.0,0.0,0.0,2118.0,919.0,63.57142857142857,10.057761732851986,2791.4285714285716,3,2020-05-01
2020.0,18.0,48.195679305798976,0.47245020026183376,0.85,0.0,0.0,0.0,2046.0,620.0,57.285714285714285,9.273164861612514,2602.8571428571427,3,2020-05-02
2020.0,18.0,47.97050273046345,0.47498064745938995,0.86,0.0,0.0,0.0,2011.0,424.0,55.285714285714285,8.937424789410349,2416.0,3,2020-05-03
2020.0,18.0,47.74532615512794,0.47695658027276366,0.89,0.0,0.0,0.0,1976.0,729.0,50.42857142857143,8.4705174488568,2248.761904761905,3,2020-05-04
2020.0,18.0,47.52014957979242,0.47837799870195513,0.9,0.0,0.0,0.0,1903.0,1089.0,45.0,8.024067388688326,2102.285714285714,3,2020-05-05
2020.0,18.0,47.2949730044569,0.4792449027469643,0.89,0.0,0.0,0.0,1820.0,1221.0,42.42857142857143,7.772563176895307,1954.857142857143,1,2020-05-06
2020.0,19.0,47.15211586159976,0.47955729240779105,0.9,0.0,0.0,0.0,1763.0,1198.0,39.285714285714285,7.460890493381468,1839.8095238095236,1,2020-05-07
2020.0,19.0,46.92693928626424,0.4801393991908078,0.89,0.0,0.0,0.0,1659.0,979.0,38.857142857142854,7.53309265944645,1723.8095238095236,1,2020-05-08
2020.0,19.0,46.701762710928726,0.4809912230960144,0.87,0.0,0.0,0.0,1594.0,678.0,37.0,7.602888086642599,1642.0952380952383,1,2020-05-09
2020.0,19.0,46.47658613559321,0.48211276412341103,0.87,0.0,0.0,0.0,1603.0,341.0,36.714285714285715,7.503008423586041,1581.7142857142858,1,2020-05-10
2020.0,19.0,46.25140956025769,0.4835040222729976,0.85,0.0,0.0,0.0,1587.0,685.0,34.57142857142857,7.450060168471721,1528.3809523809523,1,2020-05-11
2020.0,19.0,46.026232984922174,0.4851649975447741,0.85,0.0,0.0,0.0,1496.0,854.0,32.714285714285715,7.167268351383875,1485.9047619047617,1,2020-05-12
2020.0,19.0,45.80105640958666,0.48709568993874053,0.85,0.0,0.0,0.0,1384.0,909.0,30.857142857142858,6.791817087845969,1450.095238095238,1,2020-05-13
2020.0,20.0,45.51534212387237,0.48929609945489705,0.89,0.0,0.0,0.0,1316.0,808.0,26.714285714285715,6.3225030084235865,1403.4285714285713,1,2020-05-14
2020.0,20.0,45.290165548536855,0.49131425333084905,0.92,0.0,0.0,0.0,1232.0,727.0,24.714285714285715,6.0192539109506615,1353.7142857142858,1,2020-05-15
2020.0,20.0,45.064988973201345,0.49315015156659664,0.93,0.0,0.0,0.0,1173.0,459.0,24.285714285714285,5.755716004813478,1296.3809523809523,1,2020-05-16
2020.0,20.0,44.83981239786583,0.4948037941621399,0.96,0.0,0.0,0.0,1125.0,316.0,23.428571428571427,5.725631768953068,1236.7619047619046,1,2020-05-17
2020.0,20.0,44.6146358225303,0.49627518111747865,0.92,0.0,0.0,0.0,1122.0,542.0,23.0,5.5535499398315284,1175.8095238095236,1,2020-05-18
2020.0,20.0,44.38945924719479,0.49756431243261307,0.92,0.0,0.0,0.0,1087.0,728.0,22.285714285714285,5.401925391095066,1103.2380952380952,1,2020-05-19
2020.0,20.0,44.16428267185927,0.49867118810754313,0.91,0.0,0.0,0.0,1019.0,828.0,21.714285714285715,5.304452466907341,1036.0,1,2020-05-20
2020.0,21.0,44.02142552900212,0.4995958081422686,0.85,0.0,0.0,0.0,999.0,419.0,19.857142857142858,4.836341756919374,980.0,1,2020-05-21
2020.0,21.0,43.802305804220794,0.5006499683502875,0.83,0.0,0.0,0.0,971.0,525.0,17.714285714285715,4.593261131167268,926.4761904761905,1,2020-05-22
2020.0,21.0,43.58924292999363,0.5018336687315997,0.82,0.0,0.0,0.0,928.0,337.0,16.428571428571427,4.4464500601684716,873.3333333333334,1,2020-05-23
2020.0,21.0,43.38223690632065,0.5031469092862052,0.81,0.0,0.0,0.0,896.0,218.0,16.0,4.328519855595668,823.8095238095237,1,2020-05-24
2020.0,21.0,43.18128773320185,0.5045896900141039,0.87,0.0,0.0,0.0,883.0,412.0,14.571428571428571,4.172081829121541,776.5714285714286,1,2020-05-25
2020.0,21.0,42.986395410637215,0.506162010915296,0.89,0.0,0.0,0.0,810.0,617.0,12.857142857142858,4.038507821901324,745.7142857142857,1,2020-05-26
2020.0,21.0,42.797559938626776,0.5078638719897812,0.91,0.0,0.0,0.0,749.0,648.0,11.285714285714286,3.8219013237063777,715.4285714285714,1,2020-05-27
2020.0,22.0,42.511845652912484,0.5096952732375598,0.94,0.0,0.0,0.0,723.0,530.0,11.571428571428571,3.9554753309265944,683.6190476190476,1,2020-05-28
2020.0,22.0,42.32906703145621,0.5110594459914347,0.92,0.0,0.0,0.0,722.0,445.0,10.428571428571429,3.8592057761732854,668.5714285714286,1,2020-05-29
2020.0,22.0,42.14628840999995,0.511956390251406,0.92,0.0,0.0,0.0,711.0,374.0,9.428571428571429,3.9037304452466906,652.7619047619047,1,2020-05-30
2020.0,22.0,41.963509788543675,0.5123861060174737,0.87,0.0,0.0,0.0,697.0,179.0,9.142857142857142,3.8567990373044525,637.1428571428571,1,2020-05-31
2020.0,22.0,41.78073116708741,0.5123485932896377,0.89,0.0,0.0,0.0,696.0,137.0,8.0,3.525872442839952,619.8095238095239,1,2020-06-01
2020.0,22.0,41.59795254563114,0.511843852067898,0.89,0.0,0.0,0.0,691.0,304.0,7.0,3.1492178098676296,590.4761904761905,1,2020-06-02
2020.0,22.0,41.41517392417487,0.5108718823522546,0.91,0.0,0.0,0.0,631.0,496.0,6.857142857142857,2.966305655836342,561.7142857142857,1,2020-06-03
2020.0,23.0,40.98660249560344,0.5094326841427075,0.95,0.0,0.0,0.0,595.0,528.0,6.571428571428571,2.963898916967509,540.0,1,2020-06-04
2020.0,23.0,40.80382387414717,0.5087732171821462,0.96,0.0,0.0,0.0,584.0,437.0,6.142857142857143,2.954271961492178,509.33333333333337,1,2020-06-05
2020.0,23.0,40.621045252690905,0.5088934814705705,0.96,0.0,0.0,0.0,561.0,285.0,6.285714285714286,2.8471720818291217,483.42857142857144,1,2020-06-06
2020.0,23.0,40.43826663123463,0.5097934770079803,1.01,0.0,0.0,0.0,566.0,164.0,6.428571428571429,2.829121540312876,458.85714285714283,1,2020-06-07
2020.0,23.0,40.25548800977837,0.5114732037943758,1.03,0.0,0.0,0.0,543.0,295.0,6.142857142857143,3.019253910950662,436.952380952381,1,2020-06-08
2020.0,23.0,40.072709388322096,0.5139326618297569,1.04,0.0,0.0,0.0,516.0,425.0,5.142857142857143,3.164861612515042,426.2857142857143,1,2020-06-09
2020.0,23.0,39.889930766865824,0.5171718511141237,1.06,0.0,0.0,0.0,483.0,518.0,5.0,3.191335740072202,419.047619047619,1,2020-06-10
2020.0,24.0,39.60421648115154,0.5211907716474761,1.05,0.0,0.0,0.0,452.0,281.0,4.142857142857143,2.89410348977136,407.80952380952385,1,2020-06-11
2020.0,24.0,39.421437859695274,0.5257695264775127,1.07,0.0,0.0,0.0,450.0,352.0,5.0,2.7918170878459687,397.7142857142857,1,2020-06-12
2020.0,24.0,39.238659238239,0.5309081156042336,1.11,0.0,0.0,0.0,441.0,299.0,4.428571428571429,2.808664259927798,392.1904761904762,1,2020-06-13
2020.0,24.0,39.05588061678274,0.5366065390276387,1.19,0.0,0.0,0.0,438.0,172.0,4.714285714285714,2.8182912154031285,385.9047619047619,1,2020-06-14
2020.0,24.0,38.873101995326465,0.5428647967477279,1.43,0.0,0.0,0.0,434.0,259.0,4.857142857142857,2.7749699157641396,382.66666666666663,1,2020-06-15
2020.0,24.0,38.69032337387019,0.5496828887645016,1.48,0.0,0.0,0.0,421.0,518.0,6.285714285714286,2.8868832731648615,379.4285714285715,1,2020-06-16
2020.0,24.0,38.50754475241393,0.5570608150779593,1.47,0.0,0.0,0.0,407.0,862.0,5.857142857142857,3.3008423586040916,382.2857142857143,1,2020-06-17
2020.0,25.0,38.36468760955678,0.5649985756881014,1.42,0.0,0.0,0.0,394.0,763.0,6.142857142857143,3.88086642599278,386.66666666666663,1,2020-06-18
2020.0,25.0,38.18190898810052,0.5709905377579757,1.19,0.0,0.0,0.0,374.0,997.0,5.857142857142857,4.657039711191335,397.7142857142857,1,2020-06-19
2020.0,25.0,37.99913036664424,0.5750367012875824,1.13,0.0,0.0,0.0,359.0,569.0,6.285714285714286,4.981949458483754,406.4761904761905,1,2020-06-20
2020.0,25.0,37.816351745187966,0.5771370662769215,1.04,0.0,0.0,0.0,350.0,222.0,5.857142857142857,5.042117930204573,417.5238095238095,1,2020-06-21
2020.0,25.0,37.6335731237317,0.577291632725993,0.83,0.0,0.0,0.0,363.0,443.0,5.428571428571429,5.263537906137184,424.0,1,2020-06-22
2020.0,25.0,37.45079450227543,0.5755004006347969,0.76,0.0,0.0,0.0,358.0,541.0,4.857142857142857,5.291215403128761,430.2857142857143,1,2020-06-23
2020.0,25.0,37.26801588081916,0.5717633700033332,0.73,0.0,0.0,0.0,353.0,506.0,4.142857142857143,4.862815884476534,431.2380952380953,1,2020-06-24
2020.0,26.0,37.4108730236763,0.5660805408316018,0.73,0.0,0.0,0.0,358.0,565.0,4.428571428571429,4.624548736462094,434.2857142857143,1,2020-06-25
2020.0,26.0,37.22809440222004,0.5606155333535437,0.83,0.0,0.0,0.0,359.0,574.0,4.142857142857143,4.115523465703971,434.7619047619047,1,2020-06-26
2020.0,26.0,37.045315780763765,0.555368347569159,0.87,0.0,0.0,0.0,343.0,325.0,3.857142857142857,3.8219013237063777,433.7142857142857,1,2020-06-27
2020.0,26.0,36.8625371593075,0.5503389834784478,0.89,0.0,0.0,0.0,335.0,201.0,3.4285714285714284,3.796630565583634,429.047619047619,1,2020-06-28
2020.0,26.0,36.67975853785123,0.5455274410814098,0.93,0.0,0.0,0.0,329.0,415.0,3.857142857142857,3.762936221419976,423.8095238095238,1,2020-06-29
2020.0,26.0,36.496979916394956,0.5409337203780453,0.95,0.0,0.0,0.0,333.0,457.0,3.0,3.661853188929001,419.14285714285717,1,2020-06-30
2020.0,26.0,36.31420129493869,0.5365578213683542,0.94,0.0,0.0,0.0,324.0,482.0,3.4285714285714284,3.6329723225030084,413.3333333333333,1,2020-07-01
2020.0,27.0,36.171344152081545,0.5323997440523364,0.93,0.0,0.0,0.0,325.0,472.0,3.2857142857142856,3.5210589651022866,405.047619047619,1,2020-07-02
2020.0,27.0,36.00590598385553,0.5296190888627408,0.9,0.0,0.0,0.0,314.0,426.0,3.142857142857143,3.3429602888086642,394.2857142857143,1,2020-07-03
2020.0,27.0,35.85780826885975,0.5282158557995675,0.92,0.0,0.0,0.0,320.0,292.0,3.142857142857143,3.303249097472924,383.5238095238095,1,2020-07-04
2020.0,27.0,35.727051007094225,0.5281900448628166,0.92,0.0,0.0,0.0,299.0,142.0,3.7142857142857144,3.2322503008423586,374.85714285714283,1,2020-07-05
2020.0,27.0,35.61363419855894,0.5295416560524877,0.93,0.0,0.0,0.0,305.0,324.0,4.0,3.1227436823104693,368.4761904761905,1,2020-07-06
2020.0,27.0,35.517557843253904,0.5322706893685812,0.93,0.0,0.0,0.0,292.0,391.0,4.428571428571429,3.0433212996389893,359.2380952380953,1,2020-07-07
2020.0,27.0,35.438821941179114,0.5363771448110969,0.95,0.0,0.0,0.0,287.0,450.0,4.571428571428571,3.0048134777376654,351.7142857142857,1,2020-07-08
2020.0,28.0,35.438821941179114,0.5418610223800349,1.01,0.0,0.0,0.0,272.0,425.0,4.714285714285714,2.948255114320096,349.3333333333333,1,2020-07-09
2020.0,28.0,35.37742649233458,0.5458682879449198,1.07,0.0,0.0,0.0,276.0,425.0,4.285714285714286,2.94705174488568,347.42857142857144,1,2020-07-10
2020.0,28.0,35.316031043490035,0.5483989415057517,1.12,0.0,0.0,0.0,253.0,276.0,4.0,2.927797833935018,344.57142857142856,1,2020-07-11
2020.0,28.0,35.2546355946455,0.5494529830625308,1.17,0.0,0.0,0.0,254.0,129.0,3.5714285714285716,2.912154031287605,343.42857142857144,1,2020-07-12
2020.0,28.0,35.19324014580095,0.5490304126152569,1.19,0.0,0.0,0.0,263.0,326.0,3.4285714285714284,2.914560770156438,342.2857142857143,1,2020-07-13
2020.0,28.0,35.13184469695641,0.5471312301639298,1.23,0.0,0.0,0.0,256.0,465.0,3.142857142857143,3.003610108303249,343.23809523809524,1,2020-07-14
2020.0,28.0,35.07044924811187,0.5437554357085499,1.23,0.0,0.0,0.0,246.0,540.0,3.142857142857143,3.111913357400722,345.33333333333337,1,2020-07-15
2020.0,29.0,35.07044924811187,0.5389030292491169,1.19,0.0,0.0,0.0,251.0,553.0,3.4285714285714284,3.2659446450060168,346.09523809523813,1,2020-07-16
2020.0,29.0,35.009053799267335,0.5347184891568392,1.17,0.0,0.0,0.0,246.0,522.0,3.857142857142857,3.3826714801444044,351.8095238095238,1,2020-07-17
2020.0,29.0,34.94765835042279,0.5312018154317167,1.14,0.0,0.0,0.0,246.0,440.0,3.857142857142857,3.5800240673886883,362.6666666666667,1,2020-07-18
2020.0,29.0,34.88626290157825,0.5283530080737492,1.16,0.0,0.0,0.0,249.0,179.0,4.285714285714286,3.6401925391095067,372.9523809523809,1,2020-07-19
2020.0,29.0,34.82486745273371,0.5261720670829371,1.17,0.0,0.0,0.0,245.0,453.0,4.142857142857143,3.793020457280385,385.14285714285717,1,2020-07-20
2020.0,29.0,34.76347200388917,0.52465899245928,1.19,0.0,0.0,0.0,251.0,522.0,4.428571428571429,3.861612515042118,398.4761904761905,1,2020-07-21
2020.0,29.0,34.702076555044634,0.5238137842027782,1.2,0.0,0.0,0.0,248.0,699.0,4.857142857142857,4.05294825511432,413.7142857142857,1,2020-07-22
2020.0,30.0,34.702076555044634,0.5236364423134316,1.19,0.0,0.0,0.0,234.0,694.0,4.285714285714286,4.222623345367028,427.047619047619,1,2020-07-23
2020.0,30.0,34.63235967943058,0.523040420535818,1.17,0.0,0.0,0.0,235.0,805.0,4.857142857142857,4.563176895306859,434.66666666666663,1,2020-07-24
2020.0,30.0,34.55432137704701,0.5220257188699373,1.14,0.0,0.0,0.0,247.0,542.0,5.285714285714286,4.6859205776173285,439.6190476190476,1,2020-07-25
2020.0,30.0,34.46796164789394,0.5205923373157895,1.12,0.0,0.0,0.0,265.0,211.0,4.714285714285714,4.7244283995186525,446.2857142857143,1,2020-07-26
2020.0,30.0,34.373280491971336,0.5187402758733745,1.09,0.0,0.0,0.0,257.0,527.0,5.142857142857143,4.813477737665464,448.9523809523809,1,2020-07-27
2020.0,30.0,34.27027790927924,0.5164695345426925,1.06,0.0,0.0,0.0,253.0,755.0,5.285714285714286,5.093862815884476,451.42857142857144,1,2020-07-28
2020.0,30.0,34.15895389981761,0.5137801133237433,1.06,0.0,0.0,0.0,255.0,910.0,4.714285714285714,5.34777376654633,452.57142857142856,1,2020-07-29
2020.0,31.0,34.15895389981761,0.5106720122165271,1.05,0.0,0.0,0.0,260.0,860.0,5.0,5.547533092659447,455.80952380952385,1,2020-07-30
2020.0,31.0,34.03930846358649,0.5087396535543726,1.08,0.0,0.0,0.0,259.0,914.0,5.428571428571429,5.67870036101083,463.42857142857144,1,2020-07-31
2020.0,31.0,33.91966302735535,0.5079830373372795,1.13,0.0,0.0,0.0,255.0,562.0,5.142857142857143,5.702767749699158,470.4761904761905,1,2020-08-01
2020.0,31.0,33.80001759112422,0.5084021635652479,1.17,0.0,0.0,0.0,267.0,305.0,5.285714285714286,5.815884476534296,474.0952380952381,1,2020-08-02
2020.0,31.0,33.68037215489309,0.5099970322382779,1.19,0.0,0.0,0.0,263.0,797.0,5.428571428571429,6.140794223826715,483.80952380952385,1,2020-08-03
2020.0,31.0,33.56072671866196,0.5127676433563694,1.19,0.0,0.0,0.0,258.0,947.0,5.571428571428571,6.371841155234657,492.0,1,2020-08-04
2020.0,31.0,33.44108128243083,0.5167139969195225,1.17,0.0,0.0,0.0,238.0,1110.0,5.285714285714286,6.612515042117931,504.0,1,2020-08-05
2020.0,32.0,33.155366996716545,0.5218360929277371,1.17,0.0,0.0,0.0,236.0,1166.0,5.428571428571429,6.9807460890493385,512.5714285714286,1,2020-08-06
2020.0,32.0,33.065425162577625,0.5261574405153532,1.16,0.0,0.0,0.0,226.0,1006.0,4.285714285714286,7.091456077015644,518.6666666666667,1,2020-08-07
2020.0,32.0,33.005186930530904,0.5296780396823707,1.13,0.0,0.0,0.0,228.0,711.0,4.428571428571429,7.270758122743683,526.6666666666666,1,2020-08-08
2020.0,32.0,32.9746523005764,0.5323978904287896,1.14,0.0,0.0,0.0,234.0,320.0,4.571428571428571,7.2888086642599275,536.7619047619048,1,2020-08-09
2020.0,32.0,32.9738212727141,0.53431699275461,1.14,0.0,0.0,0.0,227.0,1103.0,3.7142857142857144,7.657039711191335,540.1904761904763,1,2020-08-10
2020.0,32.0,33.002693846944005,0.535435346659832,1.16,0.0,0.0,0.0,230.0,1196.0,3.142857142857143,7.956678700361011,547.4285714285714,1,2020-08-11
2020.0,32.0,33.06127002326612,0.5357529521444552,1.18,0.0,0.0,0.0,220.0,1541.0,4.142857142857143,8.475330926594465,546.0,1,2020-08-12
2020.0,33.0,32.775555737551834,0.53526980920848,1.17,0.0,0.0,0.0,223.0,1491.0,3.5714285714285716,8.866425992779783,549.5238095238095,1,2020-08-13
2020.0,33.0,32.86383551596615,0.5351349000110318,1.15,0.0,0.0,0.0,230.0,1374.0,3.7142857142857144,9.309265944645006,556.5714285714287,1,2020-08-14
2020.0,33.0,32.95211529438048,0.5353482245521108,1.12,0.0,0.0,0.0,228.0,756.0,4.0,9.363417569193743,563.047619047619,1,2020-08-15
2020.0,33.0,33.040395072794794,0.5359097828317169,1.07,0.0,0.0,0.0,224.0,492.0,4.428571428571429,9.570397111913357,566.2857142857143,1,2020-08-16
2020.0,33.0,33.12867485120911,0.5368195748498501,1.06,0.0,0.0,0.0,226.0,1547.0,5.285714285714286,10.104693140794224,574.0952380952382,1,2020-08-17
2020.0,33.0,33.21695462962344,0.5380776006065104,1.03,0.0,0.0,0.0,219.0,1533.0,6.428571428571429,10.510228640192539,578.0952380952382,1,2020-08-18
2020.0,33.0,33.305234408037755,0.5396838601016979,0.99,0.0,0.0,0.0,226.0,1754.0,5.142857142857143,10.766546329723225,588.0,1,2020-08-19
2020.0,34.0,33.305234408037755,0.5416383533354123,0.97,0.0,0.0,0.0,229.0,1620.0,5.857142857142857,10.921780986762936,592.1904761904763,1,2020-08-20
2020.0,34.0,33.39351418645207,0.5429680942111114,0.95,0.0,0.0,0.0,235.0,1656.0,5.428571428571429,11.261131167268351,592.7619047619047,1,2020-08-21
2020.0,34.0,33.4817939648664,0.5436730827287948,0.95,0.0,0.0,0.0,230.0,918.0,5.142857142857143,11.456077015643803,591.8095238095239,1,2020-08-22
2020.0,34.0,33.570073743280716,0.5437533188884627,0.97,0.0,0.0,0.0,242.0,566.0,4.428571428571429,11.545126353790614,594.4761904761906,1,2020-08-23
2020.0,34.0,33.65835352169504,0.5432088026901151,0.98,0.0,0.0,0.0,243.0,1427.0,4.0,11.40072202166065,593.1428571428571,1,2020-08-24
2020.0,34.0,33.74663330010936,0.5420395341337519,0.98,0.0,0.0,0.0,223.0,1485.0,2.857142857142857,11.342960288808664,589.904761904762,1,2020-08-25
2020.0,34.0,33.834913078523684,0.5402455132193732,0.98,0.0,0.0,0.0,225.0,1615.0,3.0,11.175691937424789,582.0,1,2020-08-26
2020.0,35.0,33.834913078523684,0.5378267399469789,0.98,0.0,0.0,0.0,238.0,1540.0,2.142857142857143,11.07942238267148,573.5238095238095,1,2020-08-27
2020.0,35.0,33.923192856938,0.5358841551324989,0.98,0.0,0.0,0.0,234.0,1391.0,2.142857142857143,10.760529482551144,564.5714285714286,1,2020-08-28
2020.0,35.0,34.01147263535233,0.5344177587759332,0.97,0.0,0.0,0.0,239.0,833.0,2.142857142857143,10.658243080625752,553.1428571428571,1,2020-08-29
2020.0,35.0,34.099752413766645,0.5334275508772818,0.96,0.0,0.0,0.0,243.0,536.0,2.5714285714285716,10.62214199759326,538.0952380952381,1,2020-08-30
2020.0,35.0,34.18803219218096,0.5329135314365445,0.98,0.0,0.0,0.0,244.0,1183.0,2.4285714285714284,10.328519855595667,525.9047619047618,1,2020-08-31
2020.0,35.0,34.27631197059528,0.5328757004537216,1.01,0.0,0.0,0.0,233.0,1317.0,2.5714285714285716,10.126353790613718,514.4761904761905,1,2020-09-01
2020.0,35.0,34.364591749009605,0.5333140579288128,1.03,0.0,0.0,0.0,226.0,1414.0,2.7142857142857144,9.884476534296029,507.61904761904765,1,2020-09-02
2020.0,36.0,34.50744889186675,0.5342286038618184,1.06,0.0,0.0,0.0,221.0,1518.0,3.5714285714285716,9.85800240673887,503.61904761904765,1,2020-09-03
2020.0,36.0,34.59572867028107,0.5346276474927676,1.06,0.0,0.0,0.0,223.0,1494.0,4.142857142857143,9.981949458483754,499.61904761904765,1,2020-09-04
2020.0,36.0,34.68400844869539,0.5345111888216602,1.08,0.0,0.0,0.0,220.0,1105.0,5.0,10.309265944645006,499.42857142857144,1,2020-09-05
2020.0,36.0,34.772288227109705,0.5338792278484964,1.1,0.0,0.0,0.0,216.0,582.0,5.142857142857143,10.364620938628159,505.33333333333337,1,2020-09-06
2020.0,36.0,34.86056800552403,0.5327317645732761,1.09,0.0,0.0,0.0,227.0,1409.0,5.428571428571429,10.636582430806257,511.61904761904765,1,2020-09-07
2020.0,36.0,34.948847783938355,0.5310687989959993,1.1,0.0,0.0,0.0,229.0,1377.0,7.714285714285714,10.70878459687124,518.8571428571429,1,2020-09-08
2020.0,36.0,35.03712756235267,0.5288903311166661,1.11,0.0,0.0,0.0,225.0,1746.0,8.571428571428571,11.108303249097473,524.0,1,2020-09-09
2020.0,37.0,35.322841848066965,0.5261963609352766,1.12,0.0,0.0,0.0,230.0,1591.0,8.428571428571429,11.196149217809868,533.7142857142857,1,2020-09-10
2020.0,37.0,35.41112162648128,0.523749244632701,1.15,0.0,0.0,0.0,218.0,1651.0,9.142857142857142,11.385078219013238,547.6190476190476,1,2020-09-11
2020.0,37.0,35.4994014048956,0.5215489822089396,1.14,0.0,0.0,0.0,231.0,1224.0,9.142857142857142,11.528279181708784,560.952380952381,1,2020-09-12
2020.0,37.0,35.587681183309925,0.5195955736639923,1.15,0.0,0.0,0.0,234.0,762.0,9.714285714285714,11.74488567990373,571.7142857142857,1,2020-09-13
2020.0,37.0,35.67596096172424,0.5178890189978593,1.15,0.0,0.0,0.0,233.0,1485.0,9.571428571428571,11.836341756919374,584.7619047619048,1,2020-09-14
2020.0,37.0,35.76424074013857,0.5164293182105404,1.14,0.0,0.0,0.0,232.0,2003.0,9.142857142857142,12.58965102286402,603.7142857142857,1,2020-09-15
2020.0,37.0,35.852520518552886,0.5152164713020357,1.12,0.0,0.0,0.0,228.0,2194.0,10.0,13.128760529482552,631.6190476190476,1,2020-09-16
2020.0,38.0,35.99537766141003,0.5142504782723452,1.07,0.0,0.0,0.0,234.0,2354.0,10.428571428571429,14.046931407942239,660.7619047619047,1,2020-09-17
2020.0,38.0,36.08365743982436,0.5135211287998099,1.03,0.0,0.0,0.0,243.0,2169.0,10.857142857142858,14.670276774969915,697.3333333333333,1,2020-09-18
2020.0,38.0,36.171937218238675,0.5130284228844298,1.01,0.0,0.0,0.0,253.0,1393.0,11.428571428571429,14.873646209386282,742.0952380952382,1,2020-09-19
2020.0,38.0,36.26021699665299,0.5127723605262051,1.01,0.0,0.0,0.0,265.0,691.0,11.714285714285714,14.78820697954272,784.952380952381,1,2020-09-20
2020.0,38.0,36.34849677506732,0.5127529417251356,1.02,0.0,0.0,0.0,265.0,1656.0,13.571428571428571,14.993983152827917,824.5714285714286,1,2020-09-21
2020.0,38.0,36.436776553481636,0.5129701664812213,1.04,0.0,0.0,0.0,274.0,1813.0,13.428571428571429,14.765342960288809,863.8095238095239,1,2020-09-22
2020.0,38.0,36.525056331895954,0.5134240347944624,1.06,0.0,0.0,0.0,289.0,2209.0,12.857142857142858,14.783393501805055,893.1428571428571,1,2020-09-23
2020.0,39.0,36.6679134747531,0.5141145466648587,1.09,0.0,0.0,0.0,291.0,2394.0,14.142857142857142,14.83152827918171,923.2380952380953,1,2020-09-24
2020.0,39.0,36.75619325316742,0.5147642496034688,1.11,0.0,0.0,0.0,297.0,2331.0,14.142857142857142,15.02647412755716,944.5714285714286,1,2020-09-25
2020.0,39.0,36.844473031581735,0.5153731436102927,1.12,0.0,0.0,0.0,309.0,1786.0,16.142857142857142,15.499398315282791,956.0,1,2020-09-26
2020.0,39.0,36.93275280999605,0.5159412286853305,1.12,0.0,0.0,0.0,324.0,873.0,15.714285714285714,15.71841155234657,973.4285714285714,1,2020-09-27
2020.0,39.0,37.02103258841038,0.5164685048285821,1.13,0.0,0.0,0.0,352.0,1830.0,15.857142857142858,15.927797833935019,992.0,1,2020-09-28
2020.0,39.0,37.1093123668247,0.5169549720400475,1.15,0.0,0.0,0.0,351.0,2166.0,15.857142857142858,16.352587244283995,1007.5238095238094,1,2020-09-29
2020.0,39.0,37.197592145239014,0.5174006303197266,1.19,0.0,0.0,0.0,354.0,2731.0,16.571428571428573,16.980746089049337,1029.904761904762,1,2020-09-30
2020.0,40.0,37.34044928809616,0.5178054796676197,1.23,0.0,0.0,0.0,360.0,2925.0,17.714285714285715,17.61973525872443,1048.0,1,2020-10-01
2020.0,40.0,37.42872906651048,0.5179668832285099,1.28,0.0,0.0,0.0,370.0,2922.0,19.142857142857142,18.3309265944645,1062.857142857143,1,2020-10-02
2020.0,40.0,37.51700884492481,0.5178848410023973,1.31,0.0,0.0,0.0,401.0,2196.0,17.142857142857142,18.82430806257521,1083.2380952380952,1,2020-10-03
2020.0,40.0,37.60528862333912,0.5175593529892819,1.36,0.0,0.0,0.0,422.0,1155.0,17.428571428571427,19.163658243080626,1103.8095238095236,1,2020-10-04
2020.0,40.0,37.693568401753446,0.5169904191891639,1.38,0.0,0.0,0.0,444.0,2409.0,19.571428571428573,19.8604091456077,1124.952380952381,1,2020-10-05
2020.0,40.0,37.78184818016776,0.5161780396020429,1.39,0.0,0.0,0.0,448.0,3587.0,21.285714285714285,21.57039711191336,1157.3333333333333,1,2020-10-06
2020.0,40.0,37.87012795858209,0.5151222142279192,1.38,0.0,0.0,0.0,470.0,4487.0,24.0,23.683513838748496,1204.5714285714287,1,2020-10-07
2020.0,41.0,38.012985101439234,0.5138229430667927,1.35,0.0,0.0,0.0,487.0,4668.0,26.285714285714285,25.780986762936223,1276.2857142857142,1,2020-10-08
2020.0,41.0,38.10126487985355,0.5126723237363959,1.32,0.0,0.0,0.0,510.0,5059.0,29.0,28.352587244283995,1375.047619047619,1,2020-10-09
2020.0,41.0,38.18954465826788,0.5116703562367287,1.29,0.0,0.0,0.0,531.0,3628.0,32.714285714285715,30.075812274368232,1495.5238095238094,1,2020-10-10
2020.0,41.0,38.277824436682195,0.5108170405677912,1.3,0.0,0.0,0.0,545.0,2271.0,35.0,31.418772563176894,1625.3333333333333,1,2020-10-11
2020.0,41.0,38.36610421509652,0.5101123767295833,1.31,0.0,0.0,0.0,589.0,4189.0,38.57142857142857,33.560770156438025,1764.095238095238,1,2020-10-12
2020.0,41.0,38.45438399351083,0.5095563647221052,1.34,0.0,0.0,0.0,617.0,5369.0,42.714285714285715,35.70517448856799,1910.3809523809523,1,2020-10-13
2020.0,41.0,38.542663771925156,0.5091490045453566,1.37,0.0,0.0,0.0,601.0,7248.0,46.714285714285715,39.02767749699158,2047.142857142857,1,2020-10-14
2020.0,42.0,38.542663771925156,0.5088902961993378,1.38,0.0,0.0,0.0,651.0,7911.0,52.285714285714285,42.93020457280385,2177.1428571428573,1,2020-10-15
2020.0,42.0,38.630943550339474,0.50853168241777,1.37,0.0,0.0,0.0,688.0,7974.0,58.857142857142854,46.438026474127554,2307.714285714286,1,2020-10-16
2020.0,42.0,38.7192233287538,0.5080731632006533,1.38,0.0,0.0,0.0,726.0,5692.0,62.0,48.92178098676293,2440.095238095238,1,2020-10-17
2020.0,42.0,38.807503107168124,0.5075147385479879,1.4,0.0,0.0,0.0,766.0,3678.0,66.14285714285714,50.61492178098676,2572.8571428571427,1,2020-10-18
2020.0,42.0,38.89578288558244,0.5068564084597734,1.42,0.0,0.0,0.0,846.0,6485.0,70.14285714285714,53.37785800240674,2713.4285714285716,1,2020-10-19
2020.0,42.0,38.98406266399676,0.5060981729360102,1.44,0.0,0.0,0.0,875.0,9445.0,80.57142857142857,58.28279181708785,2864.4761904761904,1,2020-10-20
2020.0,42.0,39.072342442411085,0.5052400319766981,1.43,0.0,0.0,0.0,940.0,12410.0,92.0,64.49458483754513,3055.5238095238096,1,2020-10-21
2020.0,43.0,39.21519958526823,0.504281985581837,1.39,0.0,0.0,0.0,1025.0,13933.0,109.71428571428571,71.74127557160048,3285.333333333333,1,2020-10-22
2020.0,43.0,39.30981258287234,0.5033709292935772,1.34,0.0,0.0,0.0,1116.0,14037.0,125.28571428571429,79.03730445246691,3548.095238095238,1,2020-10-23
2020.0,43.0,39.410758799666255,0.5025068631119184,1.29,0.0,0.0,0.0,1193.0,11102.0,134.28571428571428,85.54753309265945,3840.1904761904766,1,2020-10-24
2020.0,43.0,39.51803823564995,0.5016897870368607,1.26,0.0,0.0,0.0,1286.0,7457.0,144.57142857142858,90.0950661853189,4170.0,1,2020-10-25
2020.0,43.0,39.63165089082345,0.5009197010684043,1.21,0.0,0.0,0.0,1352.0,12025.0,166.42857142857142,96.76173285198556,4517.809523809524,1,2020-10-26
2020.0,43.0,39.751596765186754,0.500196605206549,1.17,0.0,0.0,0.0,1462.0,15946.0,181.85714285714286,104.58483754512635,4897.428571428572,1,2020-10-27
2020.0,43.0,39.87787585873984,0.49952049945129484,1.13,0.0,0.0,0.0,1563.0,19247.0,197.0,112.81227436823104,5292.7619047619055,2,2020-10-28
2020.0,44.0,40.02073300159698,0.49889138380264175,1.09,0.0,0.0,0.0,1689.0,19854.0,206.14285714285714,119.93742478941034,5683.047619047619,2,2020-10-29
2020.0,44.0,40.153345314339866,0.4982280610496234,1.06,0.0,0.0,0.0,1832.0,19414.0,214.57142857142858,126.40794223826715,6060.190476190476,2,2020-10-30
2020.0,44.0,40.28595762708276,0.4975305311922399,1.04,0.0,0.0,0.0,1935.0,14006.0,224.85714285714286,129.9025270758123,6434.952380952382,2,2020-10-31
2020.0,44.0,40.418569939825645,0.4967987942304912,1.04,0.0,0.0,0.0,2056.0,10526.0,231.14285714285714,133.5956678700361,6787.333333333333,2,2020-11-01
2020.0,44.0,40.55118225256853,0.49603285016437726,1.03,0.0,0.0,0.0,2234.0,15254.0,236.57142857142858,137.48134777376654,7134.7619047619055,2,2020-11-02
2020.0,44.0,40.683794565311416,0.49523269899389816,1.03,0.0,0.0,0.0,2374.0,19340.0,249.71428571428572,141.56558363417568,7465.428571428572,2,2020-11-03
2020.0,44.0,40.816406878054295,0.49439834071905375,1.02,0.0,0.0,0.0,2542.0,21204.0,258.85714285714283,143.92057761732852,7774.0,2,2020-11-04
2020.0,45.0,40.816406878054295,0.4935297753398441,0.99,0.0,0.0,0.0,2647.0,22276.0,268.7142857142857,146.83513838748496,8055.714285714285,2,2020-11-05
2020.0,45.0,40.94901919079718,0.4926536526405924,0.98,0.0,0.0,0.0,2745.0,21582.0,268.0,149.44404332129963,8325.42857142857,2,2020-11-06
2020.0,45.0,41.081631503540066,0.49176997262129846,0.97,0.0,0.0,0.0,2830.0,15927.0,271.2857142857143,151.75571600481348,8550.190476190475,2,2020-11-07
2020.0,45.0,41.21424381628295,0.4908787352819623,0.96,0.0,0.0,0.0,2897.0,10144.0,270.2857142857143,151.29602888086643,8750.57142857143,2,2020-11-08
2020.0,45.0,41.346856129025845,0.48997994062258404,0.96,0.0,0.0,0.0,3001.0,15979.0,276.0,152.1684717208183,8923.619047619048,2,2020-11-09
2020.0,45.0,41.47946844176873,0.48907358864316347,0.97,0.0,0.0,0.0,3053.0,19617.0,278.14285714285717,152.50180505415162,9049.238095238095,2,2020-11-10
2020.0,45.0,41.61208075451162,0.48815967934370086,0.99,0.0,0.0,0.0,3118.0,22710.0,293.2857142857143,154.31407942238266,9130.0,2,2020-11-11
2020.0,46.0,41.754937897368755,0.48723821272419604,1.02,0.0,0.0,0.0,3177.0,23497.0,306.2857142857143,155.78339350180505,9209.238095238095,2,2020-11-12
2020.0,46.0,41.887550210111634,0.4862376958932061,1.04,0.0,0.0,0.0,3289.0,21351.0,329.7142857142857,155.50541516245488,9291.333333333332,2,2020-11-13
2020.0,46.0,42.02016252285453,0.4851581288507312,1.05,0.0,0.0,0.0,3315.0,15796.0,351.57142857142856,155.34777376654634,9399.904761904763,2,2020-11-14
2020.0,46.0,42.15277483559741,0.4839995115967711,1.05,0.0,0.0,0.0,3376.0,8845.0,360.0,153.78459687123947,9538.761904761906,2,2020-11-15
2020.0,46.0,42.28538714834029,0.482761844131326,1.04,0.0,0.0,0.0,3425.0,14693.0,378.42857142857144,152.23706377858002,9671.333333333332,2,2020-11-16
2020.0,46.0,42.417999461083184,0.48144512645439586,1.04,0.0,0.0,0.0,3507.0,20347.0,401.85714285714283,153.11552346570397,9829.809523809525,2,2020-11-17
2020.0,46.0,42.55061177382606,0.48004935856598063,1.02,0.0,0.0,0.0,3551.0,23686.0,418.14285714285717,154.29001203369435,10048.761904761905,2,2020-11-18
2020.0,47.0,42.69346891668321,0.47857454046608033,1.0,0.0,0.0,0.0,3581.0,23747.0,437.42857142857144,154.59085439229844,10250.380952380952,2,2020-11-19
2020.0,47.0,42.8260812294261,0.47712920085202043,0.98,0.0,0.0,0.0,3603.0,22283.0,453.2857142857143,155.7123947051745,10423.142857142857,2,2020-11-20
2020.0,47.0,42.95869354216898,0.47571333972380075,0.95,0.0,0.0,0.0,3621.0,14779.0,449.14285714285717,154.48856799037304,10571.523809523811,2,2020-11-21
2020.0,47.0,43.091305854911866,0.4743269570814214,0.94,0.0,0.0,0.0,3696.0,8830.0,457.85714285714283,154.4705174488568,10663.523809523811,2,2020-11-22
2020.0,47.0,43.22391816765475,0.47297005292488264,0.94,0.0,0.0,0.0,3726.0,15071.0,461.42857142857144,154.92539109506617,10767.238095238095,2,2020-11-23
2020.0,47.0,43.35653048039764,0.471642627254184,0.94,0.0,0.0,0.0,3758.0,19404.0,461.14285714285717,153.79061371841155,10864.190476190475,2,2020-11-24
2020.0,47.0,43.489142793140516,0.4703446800693257,0.94,0.0,0.0,0.0,3769.0,22053.0,469.0,151.82551143200962,10884.857142857143,2,2020-11-25
2020.0,48.0,43.63199993599767,0.46907621137030786,0.96,0.0,0.0,0.0,3815.0,22763.0,482.0,150.64139590854393,10927.047619047618,2,2020-11-26
2020.0,48.0,43.76461224874055,0.4678633622539669,0.98,0.0,0.0,0.0,3846.0,20136.0,495.85714285714283,148.057761732852,10960.095238095239,2,2020-11-27
2020.0,48.0,43.89722456148343,0.466706132720303,1.0,0.0,0.0,0.0,3880.0,14940.0,504.42857142857144,148.25150421179302,10978.380952380952,2,2020-11-28
2020.0,48.0,44.029836874226326,0.4656045227693161,1.03,0.0,0.0,0.0,3891.0,8786.0,510.7142857142857,148.1985559566787,11035.619047619048,2,2020-11-29
2020.0,48.0,44.162449186969205,0.4645585324010061,1.07,0.0,0.0,0.0,3916.0,13291.0,519.8571428571429,146.05655836341757,11082.38095238095,2,2020-11-30
2020.0,48.0,44.295061499712084,0.46356816161537306,1.09,0.0,0.0,0.0,3912.0,19218.0,541.1428571428571,145.83273164861612,11107.42857142857,2,2020-12-01
2020.0,48.0,44.427673812454984,0.4626334104124171,1.12,0.0,0.0,0.0,3949.0,23206.0,562.0,147.22021660649818,11170.952380952382,2,2020-12-02
2020.0,49.0,44.57053095531212,0.4617542787921381,1.14,0.0,0.0,0.0,3971.0,24422.0,589.8571428571429,149.21660649819495,11222.761904761906,2,2020-12-03
2020.0,49.0,44.70314326805501,0.4608908758336319,1.15,0.0,0.0,0.0,4001.0,22253.0,616.1428571428571,151.7641395908544,11329.523809523807,2,2020-12-04
2020.0,49.0,44.8357555807979,0.46004320153689865,1.16,0.0,0.0,0.0,4038.0,15726.0,632.0,152.70998796630565,11480.857142857143,2,2020-12-05
2020.0,49.0,44.96836789354078,0.4592112559019383,1.16,0.0,0.0,0.0,4097.0,10238.0,636.5714285714286,154.4572803850782,11620.285714285714,2,2020-12-06
2020.0,49.0,45.100980206283666,0.4583950389287507,1.15,0.0,0.0,0.0,4167.0,16451.0,658.8571428571429,158.25992779783394,11782.0,2,2020-12-07
2020.0,49.0,45.23359251902655,0.4575945506173361,1.15,0.0,0.0,0.0,4238.0,22788.0,688.0,162.55595667870037,11998.190476190477,2,2020-12-08
2020.0,49.0,45.36620483176944,0.4568097909676943,1.13,0.0,0.0,0.0,4259.0,27646.0,704.1428571428571,167.89891696750902,12255.714285714286,2,2020-12-09
2020.0,50.0,45.50906197462658,0.45604075997982546,1.11,0.0,0.0,0.0,4319.0,29037.0,736.4285714285714,173.45246690734055,12559.809523809523,2,2020-12-10
2020.0,50.0,45.64167428736946,0.45533998776153234,1.09,0.0,0.0,0.0,4414.0,27255.0,760.2857142857143,179.4717208182912,12872.761904761906,2,2020-12-11
2020.0,50.0,45.77428660011235,0.45470747431281494,1.07,0.0,0.0,0.0,4475.0,20609.0,796.5714285714286,185.34777376654634,13200.666666666666,2,2020-12-12
2020.0,50.0,45.90689891285523,0.4541432196336732,1.05,0.0,0.0,0.0,4541.0,12504.0,819.0,188.07460890493383,13588.761904761906,3,2020-12-13
2020.0,50.0,46.03951122559812,0.4536472237241073,1.04,0.0,0.0,0.0,4661.0,19058.0,838.1428571428571,191.2117930204573,13989.142857142857,3,2020-12-14
2020.0,50.0,46.172123538341005,0.4532194865841172,1.03,0.0,0.0,0.0,4722.0,26930.0,860.2857142857143,196.19614921780988,14381.904761904761,3,2020-12-15
2020.0,50.0,46.30473585108388,0.45286000821370276,1.01,0.0,0.0,0.0,4820.0,31363.0,891.4285714285714,200.6690734055355,14765.42857142857,3,2020-12-16
2020.0,51.0,46.30473585108388,0.4525687886128641,0.99,0.0,0.0,0.0,4839.0,31972.0,903.7142857142857,204.20096269554753,15132.666666666668,3,2020-12-17
2020.0,51.0,46.437348163826776,0.45217759768151705,0.97,0.0,0.0,0.0,4889.0,29772.0,913.2857142857143,207.22984356197352,15464.57142857143,3,2020-12-18
2020.0,51.0,46.56996047656967,0.45168643541966175,0.96,0.0,0.0,0.0,4930.0,21701.0,913.8571428571429,208.5439229843562,15792.285714285714,3,2020-12-19
2020.0,51.0,46.70257278931255,0.4510953018272982,0.94,0.0,0.0,0.0,5018.0,13903.0,917.5714285714286,210.22743682310468,16062.190476190475,3,2020-12-20
2020.0,51.0,46.83518510205543,0.45040419690442624,0.91,0.0,0.0,0.0,5157.0,20295.0,930.8571428571429,211.71600481347772,16307.904761904763,3,2020-12-21
2020.0,51.0,46.96779741479832,0.44961312065104597,0.88,0.0,0.0,0.0,5202.0,28989.0,957.1428571428571,214.19374247894103,16525.428571428572,3,2020-12-22
2020.0,51.0,47.100409727541205,0.44872207306715745,0.85,0.0,0.0,0.0,5226.0,33984.0,983.1428571428571,217.34777376654634,16729.809523809523,3,2020-12-23
2020.0,52.0,47.38612401325549,0.4477310541527606,0.83,0.0,0.0,0.0,5330.0,21162.0,918.7142857142857,204.33935018050542,16914.190476190477,3,2020-12-24
2020.0,52.0,47.518736325998375,0.44680245405278685,0.83,0.0,0.0,0.0,5364.0,13169.0,842.2857142857143,184.3598074608905,16909.428571428572,3,2020-12-25
2020.0,52.0,47.651348638741254,0.445936272767236,0.86,0.0,0.0,0.0,5520.0,11540.0,814.4285714285714,172.1323706377858,16644.0,3,2020-12-26
2020.0,52.0,47.783960951484154,0.4451325102961083,0.89,0.02928450545436545,0.0,0.0,5546.0,9809.0,812.4285714285714,167.2057761732852,16333.238095238095,3,2020-12-27
2020.0,52.0,47.91657326422704,0.44439116663940365,0.93,0.050984439478819046,0.0,0.0,5582.0,15733.0,808.1428571428571,161.71600481347772,16041.619047619048,3,2020-12-28
2020.0,52.0,48.049185576969926,0.443712241797122,0.95,0.11121110929800491,0.0,0.0,5637.0,27581.0,814.8571428571429,160.0216606498195,15739.523809523811,3,2020-12-29
2020.0,52.0,48.1817978897128,0.44309573576926337,0.95,0.18831029281678532,0.0,0.0,5630.0,31065.0,820.0,156.50902527075812,15432.476190476193,3,2020-12-30
2020.0,53.0,48.324655032569936,0.4425416485558277,0.95,0.2483481001911661,0.0,0.0,5622.0,19591.0,829.2857142857143,154.61853188929,15074.57142857143,3,2020-12-31
2020.0,53.0,48.41970040043069,0.44251697780442584,0.88,0.33036853378445397,0.0,0.0,5267.0,13478.0,840.1428571428571,174.04572803850783,14886.38095238095,3,2021-01-11
2020.0,53.0,48.4771788234093,0.44302172351505764,0.88,0.42547340567165953,0.0,0.0,5209.0,22584.0,885.1428571428571,168.2286401925391,14856.476190476193,3,2021-01-12
2020.0,53.0,48.49709030150575,0.4440558856877231,0.88,0.5601455612182878,0.0,0.0,5164.0,24098.0,947.4285714285714,163.56197352587245,14808.095238095237,3,2021-01-13
2021.0,2.0,48.457318345167224,0.44561946432242233,0.9,0.6610390068914944,0.0,0.0,5104.0,20395.0,955.1428571428571,156.68712394705173,14706.476190476193,3,2021-01-14
2021.0,2.0,48.4020959334994,0.44734413405274914,0.92,0.7703518681773818,0.0011043039766310994,0.0,5050.0,18292.0,894.0,149.18652226233453,14557.619047619048,3,2021-01-15
2021.0,2.0,48.30930657694944,0.44922989487870374,0.93,0.8387441321069946,0.002574303387789273,0.0,4992.0,13438.0,787.2857142857143,145.309265944645,14324.666666666666,3,2021-01-16
2021.0,2.0,48.13269893731711,0.451276746800286,0.94,0.8757888390354855,0.02303760942969737,0.0,4950.0,6593.0,722.4285714285714,143.05415162454872,14092.857142857143,3,2021-01-17
2021.0,2.0,48.00234263588499,0.4529552733554623,0.94,0.9568180455299237,0.04181799470547594,0.0,4984.0,9154.0,715.2857142857143,137.85078219013238,13848.095238095239,3,2021-01-18
2021.0,2.0,47.87198633445289,0.4542654745442326,0.94,1.057414363662577,0.08521064508133325,0.0,4930.0,18457.0,696.4285714285714,132.88447653429603,13613.047619047618,3,2021-01-19
2021.0,2.0,47.74163003302078,0.4552073503665969,0.94,1.1524470588192837,0.1498990397908511,0.0,4816.0,19487.0,668.2857142857143,127.33574007220217,13397.238095238094,3,2021-01-20
2021.0,3.0,47.74163003302078,0.4557809008225551,0.93,1.2301597445473036,0.19913800533710835,0.0,4767.0,16806.0,634.7142857142857,123.01684717208182,13193.809523809523,3,2021-01-21
2021.0,3.0,47.61127373158867,0.45638141130717635,0.93,1.3128502187887217,0.23954614790684173,0.0,4749.0,15024.0,608.0,119.08423586040915,12992.476190476193,3,2021-01-22
2021.0,3.0,47.48091743015657,0.4570088818204604,0.92,1.3615695118753879,0.29553965248227504,0.0,4639.0,11571.0,594.8571428571429,116.83754512635379,12799.714285714286,3,2021-01-23
2021.0,3.0,47.35056112872446,0.45766331236240737,0.91,1.3924671672564006,0.32216805425428596,0.0,4607.0,5018.0,579.1428571428571,114.94223826714801,12623.142857142857,3,2021-01-24
2021.0,3.0,47.220204827292356,0.4583447029330171,0.9,1.4553487378124328,0.36877136619183,0.0,4604.0,6744.0,563.4285714285714,112.04211793020457,12424.476190476193,3,2021-01-25
2021.0,3.0,47.08984852586024,0.4590530535322898,0.88,1.5162983778821146,0.4261963759221555,0.0,4559.0,15509.0,537.2857142857143,108.49458483754513,12243.904761904763,3,2021-01-26
2021.0,3.0,46.95949222442813,0.45978836416022545,0.88,1.5775704073480243,0.4965458321937931,0.0,4487.0,15819.0,516.1428571428571,104.0806257521059,12043.523809523811,3,2021-01-27
2021.0,4.0,46.95949222442813,0.4605506348168239,0.89,1.6338838954286687,0.5515445008338518,0.0,4428.0,13354.0,483.0,99.9265944645006,11821.42857142857,3,2021-01-28
2021.0,4.0,46.82913592299603,0.4614125713758824,0.89,1.6938206553803512,0.6211818133645682,0.0,4367.0,12559.0,460.7142857142857,96.96028880866426,11596.095238095237,3,2021-01-29
2021.0,4.0,46.69877962156392,0.46237417383740115,0.9,1.7354545994230552,0.6855357892227751,0.0,4342.0,9939.0,440.85714285714283,94.99638989169675,11369.714285714286,3,2021-01-30
2021.0,4.0,46.56842332013181,0.46343544220138,0.89,1.766440069826175,0.7233888755328522,0.0,4337.0,4198.0,437.42857142857144,94.00962695547533,11101.523809523807,3,2021-01-31
2021.0,4.0,46.43806701869971,0.4645963764678191,0.89,1.8365284869225087,0.7978223318052117,0.0,4313.0,5860.0,421.7142857142857,92.94584837545126,10844.38095238095,3,2021-02-01
2021.0,4.0,46.307710717267604,0.46585697663671827,0.9,1.9153563031367347,0.8787480849859349,0.0,4252.0,12299.0,395.2857142857143,89.08303249097473,10576.0,3,2021-02-02
2021.0,4.0,46.1773544158355,0.4672172427080776,0.89,1.9930413211180633,0.9971119082763674,0.0,4207.0,13410.0,370.14285714285717,86.1841155234657,10328.952380952382,3,2021-02-03
2021.0,5.0,45.89164013012122,0.46867717468189707,0.89,2.06771175765556,1.084320645847008,0.0,4170.0,11507.0,364.85714285714283,83.96149217809868,10061.333333333334,3,2021-02-04
2021.0,5.0,45.76128382868911,0.4701383474067638,0.89,2.151148058112132,1.1783645197958819,0.0,4066.0,9999.0,341.57142857142856,80.88086642599278,9822.095238095239,3,2021-02-05
2021.0,5.0,45.63092752725699,0.4716007608826777,0.89,2.206003576236702,1.2367699301154822,0.0,3958.0,8387.0,332.0,79.01323706377858,9585.523809523811,3,2021-02-06
2021.0,5.0,45.50057122582489,0.47306441510963876,0.88,2.2400373105578857,1.2671779866746118,0.0,3926.0,3091.0,319.57142857142856,77.68110709987967,9383.142857142857,3,2021-02-07
2021.0,5.0,45.37021492439278,0.474529310087647,0.88,2.303841540318794,1.335049375199125,0.0,3951.0,4184.0,309.14285714285717,75.66425992779783,9179.047619047618,3,2021-02-08
2021.0,5.0,45.23985862296068,0.47599544581670244,0.88,2.3763033689030286,1.4244691266140446,0.0,3840.0,9094.0,296.57142857142856,71.80746089049339,8966.857142857143,3,2021-02-09
2021.0,5.0,45.10950232152857,0.47746282229680503,0.89,2.4698636587575606,1.5179668633021444,0.0,3732.0,10277.0,277.0,68.03730445246691,8732.380952380952,3,2021-02-10
2021.0,6.0,44.966645178671435,0.47893143952795486,0.91,2.560738974237539,1.6009436385745408,0.0,3668.0,9357.0,257.7142857142857,65.45006016847172,8516.190476190477,3,2021-02-11
2021.0,6.0,44.836288877239326,0.4803450298297647,0.94,2.657276554225145,1.6923145676039437,0.0,3546.0,8534.0,249.28571428571428,63.687123947051745,8258.47619047619,3,2021-02-12
2021.0,6.0,44.70593257580722,0.48170359320223444,0.97,2.731921728906967,1.747408268939159,0.0,3479.0,5597.0,238.28571428571428,60.32972322503009,8013.619047619047,3,2021-02-13
2021.0,6.0,44.57557627437511,0.48300712964536424,0.99,2.7795944594014013,1.7784827573098938,0.0,3417.0,3761.0,239.0,61.13598074608905,7750.095238095238,3,2021-02-14
2021.0,6.0,44.445219972943,0.48425563915915404,1.01,2.8640087545562314,1.8454350954660563,0.0,3426.0,4381.0,232.0,61.373044524669076,7508.285714285715,3,2021-02-15
2021.0,6.0,44.314863671510906,0.4854491217436038,1.03,2.9582691586966012,1.913323325227686,0.0,3342.0,9240.0,230.28571428571428,61.54873646209386,7298.666666666666,3,2021-02-16
2021.0,6.0,44.18450737007879,0.48658757739871367,1.05,3.073048204372262,1.9812019314252494,0.0,3239.0,9998.0,225.57142857142858,61.2129963898917,7150.095238095238,3,2021-02-17
2021.0,7.0,44.041650227221645,0.4876710061244834,1.06,3.183161024421177,2.045320129963827,0.0,3169.0,9225.0,216.14285714285714,61.05415162454874,7020.952380952382,3,2021-02-18
2021.0,7.0,43.91129392578954,0.488711533636395,1.07,3.3072472594946536,2.112584031006642,0.0,3114.0,8720.0,211.57142857142858,61.27797833935018,6953.333333333334,3,2021-02-19
2021.0,7.0,43.780937624357435,0.48970915993444863,1.06,3.3988792276993602,2.1562810265961025,0.0,3068.0,7783.0,210.85714285714286,63.90854392298436,6899.047619047618,3,2021-02-20
2021.0,7.0,43.65058132292533,0.4906638850186441,1.05,3.4683048218206136,2.1903279933178785,0.0,3049.0,3037.0,209.57142857142858,63.037304452466906,6898.190476190476,3,2021-02-21
2021.0,7.0,43.520225021493225,0.49157570888898144,1.04,3.586545944669198,2.2605367049650433,0.0,3053.0,4402.0,207.85714285714286,63.06257521058965,6883.047619047619,3,2021-02-22
2021.0,7.0,43.38986872006111,0.4924446315454607,1.02,3.7188591240740254,2.3334027232400714,0.0,3030.0,10184.0,197.42857142857142,64.1985559566787,6873.619047619048,3,2021-02-23
2021.0,7.0,43.25951241862901,0.49327065298808176,1.01,3.860313486396521,2.4049046013086723,0.0,2950.0,11290.0,191.14285714285714,65.75330926594465,6846.666666666667,3,2021-02-24
2021.0,8.0,42.97379813291472,0.4940537732168448,1.01,4.0178259683094835,2.476284981880934,0.0,2891.0,9914.0,185.42857142857142,66.58243080625752,6834.380952380952,3,2021-02-25
2021.0,8.0,42.843441831482615,0.49492297154004067,1.0,4.193943205454011,2.5576498101721916,0.0,2841.0,9451.0,180.0,67.46209386281589,6801.714285714285,3,2021-02-26
2021.0,8.0,42.7130855300505,0.4958782479576693,1.0,4.324211377494706,2.6055414767491385,0.0,2820.0,7654.0,176.28571428571428,67.30685920577618,6775.904761904762,3,2021-02-27
2021.0,8.0,42.582729228618405,0.49691960246973077,1.02,4.419584506230265,2.6346443374317485,0.0,2834.0,3451.0,172.85714285714286,67.80505415162455,6717.714285714285,3,2021-02-28
2021.0,8.0,42.452372927186296,0.49804703507622505,1.02,4.599251635569824,2.694808454084502,0.0,2862.0,4679.0,170.14285714285714,68.13838748495789,6659.714285714285,3,2021-03-01
2021.0,8.0,42.322016625754195,0.4992605457771521,1.04,4.801233404088584,2.75766476278486,0.0,2849.0,10953.0,166.85714285714286,69.06377858002406,6595.809523809524,3,2021-03-02
2021.0,8.0,42.19166032432208,0.5005601345725121,1.05,5.015047344627107,2.842817666481794,0.0,2816.0,11302.0,158.28571428571428,69.07821901323706,6534.095238095238,1,2021-03-03
2021.0,9.0,41.905946038607794,0.5019458014623048,1.06,5.234642641278582,2.919015843814848,0.0,2805.0,10121.0,153.57142857142858,69.32731648616125,6454.857142857143,1,2021-03-04
2021.0,9.0,41.775589737175686,0.5030434451175877,1.08,5.485067025417096,3.000150909514018,0.0,2756.0,9660.0,147.57142857142858,69.57882069795427,6371.047619047618,1,2021-03-05
2021.0,9.0,41.645233435743584,0.5038530655383605,1.1,5.670445740030123,3.058782473589181,0.0,2746.0,8293.0,147.85714285714286,70.34777376654633,6279.809523809524,1,2021-03-06
2021.0,9.0,41.514877134311476,0.5043746627246234,1.12,5.8080133854152605,3.099108815864349,0.0,2779.0,3364.0,149.14285714285714,70.2430806257521,6196.380952380952,1,2021-03-07
2021.0,9.0,41.384520832879375,0.5046082366763766,1.14,6.032256863510856,3.161504396435023,0.0,2857.0,4835.0,145.42857142857142,70.43080625752106,6119.619047619048,1,2021-03-08
2021.0,9.0,41.254164531447266,0.5045537873936196,1.15,6.27047495957652,3.2276230933539245,0.0,2776.0,11494.0,143.0,71.08182912154031,6040.7619047619055,1,2021-03-09
2021.0,9.0,41.123808230015165,0.5042113148763527,1.17,6.5380906379743315,3.3087713914536856,0.0,2727.0,13986.0,148.42857142857142,74.31167268351383,5975.619047619048,1,2021-03-10
2021.0,10.0,40.98095108715802,0.503580819124576,1.17,6.807772976755424,3.382105355531447,0.0,2748.0,13145.0,152.85714285714286,77.95066185318893,5937.523809523809,1,2021-03-11
2021.0,10.0,40.85059478572591,0.5030803713111897,1.17,7.116392255749584,3.4676576371371413,0.0,2747.0,12533.0,157.57142857142858,81.40794223826715,5952.0,1,2021-03-12
2021.0,10.0,40.7202384842938,0.5027099714361939,1.17,7.346008088485304,3.5282776701375456,0.0,2713.0,10476.0,156.57142857142858,84.03489771359807,5996.190476190476,1,2021-03-13
2021.0,10.0,40.58988218286169,0.5024696194995886,1.17,7.508104995730446,3.571221621838802,0.0,2767.0,4840.0,155.57142857142858,85.81107099879664,6063.238095238096,1,2021-03-14
2021.0,10.0,40.45952588142959,0.5023593155013738,1.17,7.736208725962217,3.6425659140458144,0.0,2825.0,6822.0,157.28571428571428,88.20216606498195,6154.47619047619,1,2021-03-15
2021.0,10.0,40.32916957999748,0.5023790594415494,1.17,7.8699750635410854,3.7247535570647576,0.0,2844.0,15790.0,164.85714285714286,93.37184115523466,6284.190476190475,1,2021-03-16
2021.0,10.0,40.198813278565375,0.5025288513201155,1.16,8.019954700680994,3.822407470484078,0.0,2849.0,18363.0,166.0,98.63898916967509,6442.285714285715,1,2021-03-17
2021.0,11.0,40.198813278565375,0.5028086911370722,1.14,8.162177745183302,3.9135991606327423,0.0,2887.0,16724.0,171.71428571428572,102.94584837545126,6621.238095238096,1,2021-03-18
2021.0,11.0,40.06845697713327,0.5031307638055847,1.13,8.356129852434073,4.015447745039549,0.0,2938.0,15708.0,175.0,106.76654632972323,6788.571428571428,1,2021-03-19
2021.0,11.0,39.93810067570116,0.5034950693256534,1.13,8.55756548369206,4.079686238128958,0.0,2945.0,13217.0,177.57142857142858,110.06498194945848,6973.047619047618,1,2021-03-20
2021.0,11.0,39.807744374269056,0.503901607697278,1.13,8.709847558534877,4.125786718844028,0.0,3044.0,5958.0,182.0,111.41034897713598,7144.0,1,2021-03-21
2021.0,11.0,39.67738807283695,0.5043503789204585,1.14,8.94229151616064,4.218081510023814,0.0,3139.0,8880.0,184.0,113.88688327316486,7310.380952380953,1,2021-03-22
2021.0,11.0,39.54703177140484,0.5048413829951951,1.13,9.203672327988867,4.319590863797277,0.0,3156.0,19454.0,189.85714285714286,118.29602888086643,7471.238095238096,1,2021-03-23
2021.0,11.0,39.41667546997274,0.5053746199214878,1.12,9.505254375759398,4.427483046437847,0.0,3196.0,22652.0,196.71428571428572,123.45728038507822,7629.809523809524,1,2021-03-24
2021.0,12.0,39.27381832711559,0.5059500896993363,1.1,9.80905826388378,4.5253655195037465,0.0,3249.0,21888.0,199.28571428571428,129.67148014440434,7807.619047619048,1,2021-03-25
2021.0,12.0,39.151816681426624,0.5065231594129005,1.06,10.1535746397915,4.632498643528571,0.0,3322.0,20036.0,207.85714285714286,134.87966305655837,8001.428571428572,1,2021-03-26
2021.0,12.0,39.0381696914808,0.5070938290621804,1.03,10.417544190353617,4.707662287724476,0.0,3379.0,15777.0,215.28571428571428,137.96028880866427,8190.857142857142,1,2021-03-27
2021.0,12.0,38.93287735727812,0.5076620986471759,1.0,10.590073041046846,4.771824995246861,0.0,3444.0,7583.0,215.85714285714286,139.91576413959086,8403.523809523811,1,2021-03-28
2021.0,12.0,38.83593967881858,0.5082279681678871,0.98,10.85173413917851,4.878864289522038,0.0,3559.0,10989.0,226.28571428571428,142.45367027677497,8612.57142857143,1,2021-03-29
2021.0,12.0,38.747356656102184,0.5087914376243139,0.96,11.136812977520497,4.990668450955641,0.0,3588.0,20385.0,228.57142857142858,143.5740072202166,8827.714285714286,1,2021-03-30
2021.0,12.0,38.667128289128925,0.5093525070164563,0.96,11.420522863874025,5.113289498399992,0.0,3668.0,24004.0,234.0,145.20096269554753,9028.190476190475,1,2021-03-31
2021.0,13.0,38.80998543198607,0.5099111763443144,0.96,11.705825450080559,5.22308714672573,0.0,3719.0,21440.0,233.42857142857142,144.661853188929,9199.42857142857,1,2021-04-01
2021.0,13.0,38.73811172075595,0.5103032008787644,0.96,11.896006323162771,5.305030591806486,0.0,3839.0,15493.0,225.14285714285714,139.19494584837545,9337.904761904761,1,2021-04-02
2021.0,13.0,38.66623800952584,0.5105285806198061,0.98,12.097871405967224,5.382837107284154,0.0,3905.0,10636.0,222.28571428571428,133.00842358604092,9401.333333333334,1,2021-04-03
2021.0,13.0,38.59436429829572,0.5105873155674397,0.97,12.269713374775208,5.443691714658679,0.0,4047.0,7148.0,224.42857142857142,132.4849578820698,9419.42857142857,1,2021-04-04
2021.0,13.0,38.522490587065604,0.5104794057216654,1.0,12.483890604857242,5.528403137354062,0.0,4152.0,7047.0,214.28571428571428,127.74127557160048,9428.57142857143,1,2021-04-05
2021.0,13.0,38.450616875835486,0.5102048510824827,1.03,12.820017638789988,5.642561463147434,0.0,4342.0,11510.0,210.71428571428572,117.06137184115524,9363.809523809525,1,2021-04-06
2021.0,13.0,38.378743164605375,0.509763651649892,1.06,13.508766495465467,5.7586661547732545,0.0,4428.0,23731.0,209.28571428571428,116.73285198555956,9253.904761904761,1,2021-04-07
2021.0,14.0,38.378743164605375,0.5091558074238931,1.11,14.245279506494011,5.864400253171912,0.0,4461.0,25764.0,213.42857142857142,121.93622141997594,9166.380952380952,1,2021-04-08
2021.0,14.0,38.306869453375256,0.5086821247492649,1.12,14.899976584665682,5.971633221673926,0.0,4501.0,23296.0,220.57142857142858,131.32611311672684,9114.857142857143,1,2021-04-09
2021.0,14.0,38.23499574214514,0.5083426036260071,1.12,15.270405609767966,6.050009933322535,0.0,4517.0,18063.0,226.0,140.26353790613717,9187.333333333332,1,2021-04-10
2021.0,14.0,38.16312203091502,0.50813724405412,1.14,15.527689189194879,6.11068650476183,0.0,4566.0,8860.0,224.14285714285714,142.323706377858,9302.285714285714,1,2021-04-11
2021.0,14.0,38.09124831968491,0.5080660460336034,1.12,15.940212886469553,6.202709430256738,0.0,4642.0,12109.0,229.14285714285714,148.41516245487364,9428.95238095238,1,2021-04-12
2021.0,14.0,38.01937460845479,0.5081290095644573,1.09,16.546432463601725,6.291497635279794,0.0,4668.0,26727.0,232.85714285714286,166.7268351383875,9665.904761904761,1,2021-04-13
2021.0,14.0,37.94750089722468,0.5083261346466819,1.06,17.380430975678426,6.391790811144352,0.0,4653.0,28547.0,235.42857142857142,172.5222623345367,9989.047619047618,1,2021-04-14
2021.0,15.0,37.80464375436753,0.5086574212802769,1.02,18.116455590830597,6.476393968743987,0.0,4658.0,25069.0,232.57142857142858,171.68592057761734,10243.047619047618,1,2021-04-15
2021.0,15.0,37.73277004313742,0.509122922398147,1.01,18.746782195949358,6.565872664488814,0.0,4714.0,23082.0,230.57142857142858,171.4283995186522,10429.619047619048,1,2021-04-16
2021.0,15.0,37.6608963319073,0.5097226380002918,1.02,19.119543732392263,6.634086892483197,0.0,4760.0,17702.0,228.0,170.99398315282792,10520.190476190475,1,2021-04-17
2021.0,15.0,37.58902262067719,0.5104565680867117,1.03,19.397246108877276,6.6811040176756,0.0,4818.0,8822.0,230.28571428571428,170.9482551143201,10581.809523809523,1,2021-04-18
2021.0,15.0,37.51714890944707,0.5113247126574063,1.03,19.8085909195538,6.755147719603267,0.0,4910.0,12287.0,232.57142857142858,171.1624548736462,10625.523809523807,1,2021-04-19
2021.0,15.0,37.445275198216954,0.5123270717123759,1.04,20.409190335271138,6.830841862768337,0.0,4951.0,27949.0,234.0,172.632972322503,10619.523809523807,1,2021-04-20
2021.0,15.0,37.373401486986836,0.5134636452516205,1.02,21.19005835308219,6.919168136716201,0.0,4970.0,29376.0,230.85714285714286,173.63056558363417,10571.047619047618,1,2021-04-21
2021.0,16.0,37.23054434412969,0.5147344332751398,1.0,21.87878555673852,7.0002502728130045,0.0,5034.0,25465.0,233.42857142857142,174.10709987966305,10547.619047619048,1,2021-04-22
2021.0,16.0,37.15867063289958,0.5158469471120684,0.98,22.466167007210515,7.083544625699596,0.0,5037.0,22960.0,234.85714285714286,173.96028880866427,10567.42857142857,2,2021-04-23
2021.0,16.0,37.08679692166947,0.5168011867624063,0.95,22.835664952489367,7.154714490807903,0.0,5008.0,18037.0,232.85714285714286,174.36341756919373,10608.190476190475,2,2021-04-24
2021.0,16.0,37.01492321043935,0.5175971522261532,0.93,23.11745854664815,7.2138933950893485,0.0,5040.0,8679.0,228.57142857142858,174.1913357400722,10651.04761904762,2,2021-04-25
2021.0,16.0,36.94304949920923,0.5182348435033096,0.91,23.550486450112015,7.303060527947522,0.0,5106.0,12197.0,227.71428571428572,174.08303249097472,10682.952380952382,2,2021-04-26
2021.0,16.0,36.87117578797911,0.5187142605938753,0.89,24.386701990760535,7.413280410146677,0.0,5050.0,25265.0,218.85714285714286,170.8531889290012,10671.809523809525,2,2021-04-27
2021.0,16.0,36.79930207674901,0.51903540349785,0.88,25.587478588321794,7.5655155701146715,0.0,5033.0,25010.0,210.0,165.59927797833936,10597.904761904761,2,2021-04-28
2021.0,17.0,36.79930207674901,0.5191982722152342,0.88,26.567791362574575,7.72561197897949,0.0,5019.0,21429.0,200.0,160.7424789410349,10492.0,2,2021-04-29
2021.0,17.0,36.72742836551889,0.5191903652540538,0.88,27.3725041662514,7.890075080039483,0.0,5011.0,19162.0,191.0,156.17208182912154,10321.047619047618,2,2021-04-30
2021.0,17.0,36.65555465428877,0.519011682614309,0.88,27.688907705629852,7.978836820261356,0.0,4998.0,15074.0,184.28571428571428,152.60649819494586,10104.952380952382,2,2021-05-01
2021.0,17.0,36.58368094305865,0.5186622242959997,0.88,27.92910464705669,8.057833048846746,0.0,5018.0,6658.0,183.85714285714286,150.17448856799038,9868.666666666668,2,2021-05-02
2021.0,17.0,36.511807231828534,0.518141990299126,0.88,28.3355991814437,8.196211479504486,0.0,4997.0,9129.0,174.0,146.48255114320096,9632.190476190475,2,2021-05-03
2021.0,17.0,36.43993352059842,0.5174509806236878,0.87,29.159787672900112,8.387455756416045,0.0,4945.0,20980.0,169.42857142857142,141.32611311672684,9396.666666666666,2,2021-05-04
2021.0,17.0,36.36805980936831,0.5165891952696852,0.87,30.26700758944336,8.662450302561847,0.0,4829.0,20858.0,164.0,136.32972322503008,9171.809523809523,2,2021-05-05
2021.0,18.0,36.36805980936831,0.5155566342371181,0.87,31.196770187545823,8.927121170355308,0.0,4756.0,17166.0,155.57142857142858,131.1997593261131,8947.904761904761,2,2021-05-06
2021.0,18.0,36.29618609813819,0.5146296250751157,0.87,31.98883642509376,9.209324968932428,0.0,4662.0,15478.0,151.57142857142858,126.76654632972323,8736.095238095239,2,2021-05-07
2021.0,18.0,36.224312386908075,0.513808167783678,0.86,32.31824982014461,9.392924527138662,0.0,4596.0,12049.0,146.14285714285714,123.12635379061372,8528.285714285714,2,2021-05-08
2021.0,18.0,36.15243867567796,0.513092262362805,0.85,32.54077308616332,9.515151008456286,0.0,4569.0,5326.0,142.28571428571428,121.52346570397111,8297.809523809525,2,2021-05-09
2021.0,18.0,36.080564964447845,0.5124819088124967,0.83,33.02249141202165,9.743817717185948,0.0,4571.0,7388.0,137.0,119.42839951865223,8060.666666666666,2,2021-05-10
2021.0,18.0,36.00869125321773,0.5119771071327531,0.82,33.98802359481379,10.086619895744322,0.0,4449.0,16757.0,127.71428571428571,114.34657039711192,7816.285714285715,2,2021-05-11
2021.0,18.0,35.93681754198761,0.5115778573235741,0.8,35.258771923757074,10.521909336763814,0.0,4361.0,16489.0,119.42857142857143,109.08904933814681,7578.190476190475,2,2021-05-12
2021.0,19.0,35.936817541987615,0.51128415938496,0.79,35.58519599921977,10.712445078770978,0.0,4244.0,9673.0,109.0,100.07220216606498,7334.0,2,2021-05-13
2021.0,19.0,35.8649438307575,0.5109448903287076,0.8,36.22851441582831,10.980561182500248,0.0,4172.0,7631.0,99.28571428571429,90.62936221419976,7047.428571428572,2,2021-05-14
2021.0,19.0,35.79307011952738,0.5105600501548172,0.81,36.516509194082445,11.174801996673015,0.0,4084.0,8602.0,96.85714285714286,86.48134777376654,6728.285714285715,2,2021-05-15
2021.0,19.0,35.72119640829726,0.5101296388632888,0.81,36.71565562003811,11.315545418200097,0.0,4054.0,4278.0,94.0,85.2202166064982,6437.428571428572,2,2021-05-16
2021.0,19.0,35.64932269706714,0.5096536564541223,0.81,37.14873284426782,11.551785871850095,0.0,4002.0,5236.0,90.85714285714286,82.63056558363418,6159.714285714285,2,2021-05-17
2021.0,19.0,35.57744898583702,0.5091321029273177,0.8,37.781566387825904,11.969372766769256,0.0,3864.0,12329.0,83.42857142857143,77.30204572803851,5888.47619047619,2,2021-05-18
2021.0,19.0,35.50557527460691,0.5085649782828752,0.81,38.475176347300476,12.59803690119553,0.0,3693.0,11308.0,75.42857142857143,71.06738868832731,5595.142857142857,2,2021-05-19
2021.0,20.0,35.362718131749766,0.5079522825207944,0.81,39.03707580306988,13.178646971401234,0.0,3579.0,8426.0,73.42857142857143,69.5667870036101,5290.571428571428,2,2021-05-20
2021.0,20.0,35.290844420519655,0.50762172793068,0.8,39.540460380478436,13.70070006015329,0.0,3460.0,7582.0,71.0,69.50782190132371,5052.571428571428,2,2021-05-21
2021.0,20.0,35.218970709289536,0.5075733145125317,0.79,39.816544795254764,13.995299009248065,0.0,3344.0,5816.0,66.14285714285714,66.15523465703971,4871.523809523809,2,2021-05-22
2021.0,20.0,35.14709699805942,0.5078070422663498,0.74,39.97755905154243,14.177678780708868,0.0,3291.0,1999.0,62.57142857142857,63.41275571600482,4659.619047619048,2,2021-05-23
2021.0,20.0,35.075223286829306,0.5083229111921339,0.73,40.15716843949759,14.390536379568283,0.0,3222.0,1803.0,54.42857142857143,59.28158844765343,4417.238095238095,2,2021-05-24
2021.0,20.0,35.003349575599195,0.5091209212898844,0.73,40.51519750230018,14.822161648569455,0.0,3165.0,3668.0,49.142857142857146,48.85920577617328,4140.571428571428,2,2021-05-25
2021.0,20.0,34.93147586436908,0.5102010725596011,0.75,41.17479056869069,15.582655378306214,0.0,2990.0,7142.0,47.42857142857143,43.84596871239471,3865.0476190476193,2,2021-05-26
2021.0,21.0,34.78861872151193,0.5115633650012841,0.79,41.75913217586318,16.251989897423034,0.0,2826.0,6812.0,44.857142857142854,41.903730445246694,3614.9523809523807,2,2021-05-27
2021.0,21.0,34.71674501028182,0.5125903743830135,0.81,42.28941581778311,16.81078936261752,0.0,2696.0,5155.0,40.142857142857146,38.98315282791817,3355.047619047619,2,2021-05-28
2021.0,21.0,34.6448712990517,0.5132821007047895,0.83,42.505972474080586,17.088676992710813,0.0,2589.0,3688.0,37.57142857142857,36.42238267148014,3083.523809523809,2,2021-05-29
2021.0,21.0,34.57299758782158,0.5136385439666119,0.84,42.63712120223337,17.299191253720036,0.0,2512.0,1605.0,36.714285714285715,35.9482551143201,2846.1904761904766,2,2021-05-30
2021.0,21.0,34.50112387659147,0.5136597041684811,0.82,42.903477396683975,17.691901235527286,0.0,2446.0,2440.0,37.0,36.714801444043324,2642.0,2,2021-05-31
2021.0,21.0,34.42925016536135,0.5133455813103965,0.81,43.48697453610963,18.298724691304635,2.405891016625489e-06,2285.0,5104.0,33.285714285714285,38.442839951865224,2507.714285714286,2,2021-06-01
2021.0,21.0,34.357376454131234,0.5126961753923587,0.79,44.23559519367934,19.053671639302564,3.6088365249382334e-06,2144.0,4490.0,29.0,35.25150421179302,2415.714285714286,2,2021-06-02
2021.0,22.0,34.214519311274096,0.5117114864143673,0.77,44.577548092708845,19.486202726271493,4.811782033250978e-06,2029.0,2938.0,25.571428571428573,30.589651022864018,2312.8571428571427,2,2021-06-03
2021.0,22.0,34.14264560004398,0.5109039150748809,0.78,45.02181992783891,20.019005336085833,6.0147275415637225e-06,1962.0,2273.0,22.571428571428573,27.121540312876053,2206.952380952381,2,2021-06-04
2021.0,22.0,34.07077188881386,0.5102734613738992,0.79,45.174797305185535,20.3632534551452,6.0147275415637225e-06,1889.0,2305.0,21.0,25.45728038507822,2098.8571428571427,2,2021-06-05
2021.0,22.0,33.99889817758375,0.5098201253114227,0.8,45.268512775010635,20.62151502927037,6.0147275415637225e-06,1846.0,1126.0,20.0,24.880866425992778,1990.7619047619048,2,2021-06-06
2021.0,22.0,33.927024466353636,0.509543906887451,0.8,45.567103097301995,21.062870924488283,6.0147275415637225e-06,1789.0,1710.0,18.142857142857142,24.00240673886883,1881.142857142857,2,2021-06-07
2021.0,22.0,33.85515075512352,0.5094448061019843,0.78,46.064813380747836,21.838020139352817,1.3232400591440188e-05,1693.0,3528.0,16.285714285714285,22.10589651022864,1753.4285714285713,2,2021-06-08
2021.0,22.0,33.7832770438934,0.5095228229550223,0.76,46.72515949102654,22.89599266973125,1.9247128133003913e-05,1591.0,2863.0,13.285714285714286,20.14801444043321,1623.4285714285713,2,2021-06-09
2021.0,23.0,33.64041990103625,0.5097779574465654,0.75,47.32335542161827,23.7360468094968,2.405891016625489e-05,1499.0,2269.0,12.0,19.342960288808666,1518.095238095238,2,2021-06-10
2021.0,23.0,33.56987605964819,0.5100956629986254,0.74,47.88294041022968,24.459732812570206,2.7667746691193124e-05,1413.0,1841.0,11.571428571428571,18.823104693140795,1434.952380952381,2,2021-06-11
2021.0,23.0,33.50066208810217,0.5104759396112022,0.73,48.07557649509436,24.792563775810173,2.8870692199505867e-05,1336.0,1305.0,9.857142857142858,17.61973525872443,1373.3333333333335,2,2021-06-12
2021.0,23.0,33.43277798639819,0.5109187872842958,0.7,48.170331309838645,25.038370052142277,2.8870692199505867e-05,1329.0,514.0,9.428571428571429,16.883273164861613,1310.1904761904764,2,2021-06-13
2021.0,23.0,33.366223754536264,0.5114242060179065,0.68,48.49644141652367,25.50215486636268,3.007363770781861e-05,1273.0,932.0,9.571428571428571,15.94705174488568,1247.2380952380952,2,2021-06-14
2021.0,23.0,33.30099939251638,0.5119921958120339,0.69,48.98980545784798,26.273108207294218,3.007363770781861e-05,1202.0,1701.0,9.285714285714286,13.748495788206979,1187.9047619047617,2,2021-06-15
2021.0,23.0,33.23710490033856,0.5126227566666783,0.7,49.64747020258866,27.283771296721728,4.2103092790946056e-05,1130.0,1443.0,9.142857142857142,12.03971119133574,1126.095238095238,2,2021-06-16
2021.0,24.0,33.09424775748141,0.5133158885818395,0.73,50.21473359237963,28.101389299811732,4.2103092790946056e-05,1065.0,1152.0,8.714285714285714,10.69554753309266,1067.3333333333333,2,2021-06-17
2021.0,24.0,33.03168313514563,0.5143528548048737,0.74,50.716369087019096,28.797164561201267,5.172665685744801e-05,1006.0,1027.0,7.714285714285714,9.716004813477738,1002.0952380952382,2,2021-06-18
2021.0,24.0,32.96911851280984,0.5157336553357809,0.75,50.88656181753518,29.141961223412423,5.2929602365760754e-05,961.0,739.0,7.142857142857143,9.034897713598074,933.7142857142857,2,2021-06-19
2021.0,24.0,32.906553890474065,0.517458290174561,0.77,50.983865673811586,29.39974883700732,5.2929602365760754e-05,927.0,274.0,6.428571428571429,8.746089049338147,877.1428571428572,0,2021-06-20
2021.0,24.0,32.84398926813828,0.5195267593212141,0.78,51.2819002352781,29.863273814997928,5.41325478740735e-05,885.0,599.0,5.285714285714286,8.345367027677497,822.2857142857143,0,2021-06-21
2021.0,24.0,32.781424645802495,0.52193906277574,0.8,51.77937835024083,30.6658225197053,5.7741384399011735e-05,845.0,1053.0,5.142857142857143,7.565583634175692,768.7619047619047,0,2021-06-22
2021.0,24.0,32.71886002346671,0.524695200538139,0.81,52.41343528938087,31.642631113692367,6.255316643226272e-05,807.0,899.0,4.285714285714286,6.910950661853189,726.4761904761905,0,2021-06-23
2021.0,25.0,32.71886002346671,0.5277951726084109,0.84,53.0551020618065,32.25143942955843,6.49590574488882e-05,776.0,822.0,4.0,6.513838748495788,687.2380952380952,0,2021-06-24
2021.0,25.0,32.656295401130926,0.5303453704412857,0.88,53.56485382979055,32.85273535072508,7.337967600707741e-05,731.0,737.0,4.285714285714286,6.164861612515042,653.7142857142857,0,2021-06-25
2021.0,25.0,32.59373077879514,0.5323457940367634,0.91,53.74650100743679,33.16530389982303,7.819145804032839e-05,712.0,485.0,4.285714285714286,5.859205776173285,623.6190476190476,0,2021-06-26
2021.0,25.0,32.531166156459356,0.5337964433948439,0.94,53.860014554437704,33.40336681591812,8.300324007357936e-05,701.0,222.0,4.285714285714286,5.7966305655836345,590.2857142857143,0,2021-06-27
2021.0,25.0,32.46860153412358,0.5346973185155273,0.96,54.18458970265413,33.837613303181904,8.420618558189211e-05,683.0,512.0,4.142857142857143,5.69193742478941,559.047619047619,0,2021-06-28
2021.0,25.0,32.40603691178779,0.5350484193988135,0.97,54.68339226062152,34.464806235251515,8.420618558189211e-05,660.0,894.0,3.7142857142857144,5.500601684717208,530.4761904761905,0,2021-06-29
2021.0,25.0,32.34347228945201,0.5348497460447026,1.0,55.25792986190125,35.12485160915314,9.142385863176857e-05,611.0,860.0,3.4285714285714284,5.45367027677497,503.047619047619,0,2021-06-30
2021.0,26.0,32.34347228945201,0.5341012984531945,1.02,55.83428511384406,35.73484723223591,9.984447718995778e-05,588.0,707.0,3.4285714285714284,5.315282791817088,481.14285714285717,0,2021-07-01
2021.0,26.0,32.280907667116225,0.5335144589256756,1.07,56.32159833926155,36.26997633866333,0.00010345331371489602,563.0,667.0,3.0,5.231046931407942,464.7619047619047,0,2021-07-02
2021.0,26.0,32.21834304478044,0.5330892274621457,1.09,56.5204235787665,36.52608103149209,0.0001106709867647725,546.0,508.0,3.2857142857142856,5.2587244283995185,452.0,0,2021-07-03
2021.0,26.0,32.155778422444655,0.5328256040626049,1.15,56.64355708099739,36.732105899864294,0.0001166857143063362,545.0,209.0,3.2857142857142856,5.243080625752106,441.90476190476187,0,2021-07-04
2021.0,26.0,32.09321380010887,0.5327235887270533,1.2,56.89976041535784,37.123195514071845,0.00012630927837283817,524.0,548.0,3.0,5.286401925391095,433.7142857142857,0,2021-07-05
2021.0,26.0,32.030649177773086,0.5327831814554908,1.24,57.24729979332795,37.71590601314567,0.00013232400591440188,506.0,1057.0,2.857142857142857,5.482551143200963,430.66666666666663,0,2021-07-06
2021.0,26.0,31.968084555437304,0.5330043822479172,1.27,57.66313880842353,38.50262154907263,0.0001407446244725911,482.0,962.0,3.142857142857143,5.605294825511432,431.80952380952385,0,2021-07-07
2021.0,27.0,31.968084555437304,0.533387191104333,1.27,58.006220070339836,39.18402281458334,0.0001539770250640313,467.0,958.0,2.7142857142857144,5.90734055354994,433.14285714285717,0,2021-07-08
2021.0,27.0,31.905519933101516,0.5337587962527363,1.27,58.29763602561961,39.80739880055506,0.00016841237116378422,450.0,945.0,3.2857142857142856,6.241877256317689,430.6666666666667,0,2021-07-09
2021.0,27.0,31.842955310765735,0.5341191976931274,1.29,58.425637848322644,40.09347728661446,0.00017442709870534793,433.0,789.0,3.7142857142857144,6.580024067388688,432.952380952381,0,2021-07-10
2021.0,27.0,31.780390688429954,0.5344683954255062,1.31,58.50973937764532,40.284010622730605,0.00018044182624691167,430.0,312.0,3.4285714285714284,6.703971119133574,441.5238095238095,0,2021-07-11
2021.0,27.0,31.717826066094172,0.5348063894498727,1.32,58.710415950287555,40.648998725298796,0.00019367422683835186,433.0,790.0,3.7142857142857144,6.995186522262334,450.0952380952381,0,2021-07-12
2021.0,27.0,31.655261443758384,0.535133179766227,1.33,58.952974273747216,41.32656740642001,0.00021051546395473028,404.0,1767.0,3.857142857142857,7.849578820697954,457.7142857142857,0,2021-07-13
2021.0,27.0,31.592696821422603,0.5354487663745688,1.31,59.2278798019254,42.229203583310024,0.000221341973529545,394.0,1625.0,4.285714285714286,8.647412755716005,465.3333333333333,0,2021-07-14
2021.0,28.0,31.30698253570832,0.5357531492748986,1.28,59.46299670447063,42.92165149742356,0.0002297625920877342,393.0,1517.0,4.285714285714286,9.320096269554753,476.57142857142856,0,2021-07-15
2021.0,28.0,31.244417913372533,0.535709200572946,1.23,59.673626448248655,43.50852169605453,0.00024540088369579986,376.0,1617.0,3.7142857142857144,10.128760529482552,490.85714285714283,0,2021-07-16
2021.0,28.0,31.181853291036752,0.5353169202687112,1.2,59.782311371979205,43.728106166196426,0.0002550244477623018,369.0,1282.0,3.7142857142857144,10.722021660649819,501.5238095238095,0,2021-07-17
2021.0,28.0,31.119288668700964,0.5345763083621943,1.2,59.86871654195029,43.883046750612614,0.0002610391753038656,369.0,497.0,4.142857142857143,10.944645006016847,507.42857142857144,0,2021-07-18
2021.0,28.0,31.056724046365183,0.533487364853395,1.2,59.99741847893916,44.21544224757858,0.00027427157589530576,363.0,1427.0,4.142857142857143,11.711191335740072,516.952380952381,0,2021-07-19
2021.0,28.0,30.994159424029398,0.5320500897423136,1.19,60.16825358235669,44.77920145710384,0.0003055481591114371,357.0,2336.0,4.285714285714286,12.395908543922983,532.1904761904763,0,2021-07-20
2021.0,28.0,30.931594801693617,0.5302644830289499,1.17,60.373123623040904,45.48739833381221,0.00031276583216131355,353.0,2289.0,4.428571428571429,13.19494584837545,550.4761904761905,0,2021-07-21
2021.0,29.0,30.931594801693617,0.528130544713304,1.16,60.537154866663414,46.075532828172406,0.00033441885131094297,350.0,2222.0,4.857142857142857,14.04332129963899,571.6190476190476,0,2021-07-22
2021.0,29.0,30.869030179357832,0.5262718515692378,1.14,60.69740404960779,46.60492388452517,0.00036088365249382334,353.0,2118.0,5.0,14.646209386281589,599.8095238095239,0,2021-07-23
2021.0,29.0,30.806465557022047,0.5246884035967515,1.13,60.776103150652624,46.78143328190541,0.0003873484536767037,351.0,1595.0,5.571428571428571,15.02286401925391,633.1428571428571,0,2021-07-24
2021.0,29.0,30.743900934686263,0.5233802007958449,1.14,60.822280619880225,46.885236652763226,0.0003945661267265802,367.0,640.0,5.285714285714286,15.19494584837545,671.0476190476192,0,2021-07-25
2021.0,29.0,30.681336312350478,0.522347243166518,1.13,60.923089859367856,47.193415653701344,0.00041501620036789685,365.0,1662.0,5.428571428571429,15.477737665463298,704.0,0,2021-07-26
2021.0,29.0,30.618771690014693,0.5215895307087709,1.13,61.058250410790855,47.72692920431109,0.00047516347578353406,367.0,3092.0,5.428571428571429,16.38748495788207,727.6190476190477,0,2021-07-27
2021.0,29.0,30.556207067678912,0.5211070634226036,1.13,61.22342445264626,48.395982234178966,0.0006327493373725036,352.0,2837.0,7.142857142857143,17.04693140794224,759.2380952380953,0,2021-07-28
2021.0,30.0,30.699064210536054,0.520899841308016,1.12,61.36920941879868,48.948544426912854,0.0007855234169282221,344.0,2634.0,7.857142857142857,17.54271961492178,793.7142857142857,0,2021-07-29
2021.0,30.0,30.63649958820027,0.5206182072856765,1.12,61.50355196727603,49.41502985379942,0.0010092712814743926,349.0,2525.0,9.142857142857142,18.032490974729242,826.4761904761905,0,2021-07-30
2021.0,30.0,30.573934965864485,0.5202621613555853,1.13,61.57633377936548,49.57735892952766,0.0012318162005122504,357.0,1962.0,8.857142857142858,18.47412755716005,860.5714285714286,0,2021-07-31
2021.0,30.0,30.511370343528704,0.5198317035177422,1.16,61.62081629837187,49.67388929184222,0.0014375198824337296,360.0,783.0,9.571428571428571,18.646209386281587,891.2380952380952,0,2021-08-01
2021.0,30.0,30.44880572119292,0.5193268337721474,1.18,61.70612197614836,49.94330096788394,0.0016227734907138924,374.0,2111.0,10.571428571428571,19.186522262334538,928.9523809523808,0,2021-08-02
2021.0,30.0,30.386241098857134,0.5187475521188006,1.2,61.81568986188201,50.391915436299016,0.0018994509576258235,375.0,3752.0,11.142857142857142,19.980746089049337,984.1904761904761,0,2021-08-03
2021.0,30.0,30.323676476521346,0.5180938585577021,1.22,61.95010458708986,50.94951195598519,0.002218231517328701,389.0,3551.0,9.857142857142858,20.839951865222623,1031.8095238095236,0,2021-08-04
2021.0,31.0,30.180819333664203,0.5173657530888518,1.24,62.07151787724386,51.4533837263246,0.0024888942566990684,384.0,3530.0,10.714285714285714,21.918170878459687,1071.6190476190477,0,2021-08-05
2021.0,31.0,30.118254711328426,0.5166589226876404,1.26,62.18834313322916,51.86844804451283,0.002795645361318818,390.0,3533.0,11.285714285714286,23.131167268351383,1113.5238095238096,0,2021-08-06
2021.0,31.0,30.055690088992637,0.5159733673540676,1.25,62.253977043108215,52.02585827605759,0.0030085667162901737,410.0,2792.0,12.285714285714286,24.129963898916966,1154.095238095238,0,2021-08-07
2021.0,31.0,29.993125466656856,0.515309087088134,1.26,62.28742614591236,52.132148135281085,0.0031793849784705836,429.0,1137.0,12.142857142857142,24.555956678700362,1201.5238095238094,0,2021-08-08
2021.0,31.0,29.93056084432107,0.5146660818898392,1.27,62.36083348966613,52.41390804696564,0.0035282391758812794,451.0,2924.0,12.857142857142858,25.534296028880867,1245.3333333333335,0,2021-08-09
2021.0,31.0,29.86799622198529,0.5140443517591834,1.3,62.4646741518347,52.82917686589028,0.0037724371140687666,438.0,5557.0,14.714285714285714,27.70637785800241,1284.0,0,2021-08-10
2021.0,31.0,29.805431599649506,0.5134438966961664,1.31,62.61012109029929,53.338034845361655,0.0041597855677454705,450.0,5644.0,16.285714285714285,30.22503008423586,1336.9523809523812,0,2021-08-11
2021.0,32.0,29.805431599649506,0.5128647167007883,1.31,62.75441560696691,53.76442730140167,0.0045880341687048075,468.0,5439.0,17.857142857142858,32.522262334536705,1413.3333333333333,0,2021-08-12
2021.0,32.0,29.74286697731372,0.5123488018514316,1.3,62.893764814649856,54.13630106405944,0.005068009426521592,476.0,5787.0,18.0,35.234657039711195,1503.9047619047617,0,2021-08-13
2021.0,32.0,29.680302354977936,0.5118961521480964,1.29,62.974623202882114,54.29074964376272,0.005395210604782659,484.0,4631.0,18.714285714285715,37.44765342960289,1608.952380952381,1,2021-08-14
2021.0,32.0,29.61773773264215,0.5115067675907827,1.3,63.02110381437781,54.38653538280764,0.005616552578312204,512.0,2071.0,19.857142857142858,38.57160048134777,1720.2857142857142,1,2021-08-15
2021.0,32.0,29.555173110306367,0.5111806481794904,1.29,63.120856867709136,54.606869288001214,0.005902853609290637,541.0,4510.0,20.428571428571427,40.48014440433213,1843.2380952380954,1,2021-08-16
2021.0,32.0,29.492608487970585,0.5109177939142197,1.28,63.25784349041376,54.905652081573905,0.006199981149843885,571.0,8918.0,22.0,44.52466907340553,1980.0952380952383,1,2021-08-17
2021.0,32.0,29.430043865634804,0.5107182047949703,1.26,63.42291768779197,55.25006139533138,0.0065789089849623995,594.0,8756.0,25.0,48.269554753309265,2124.0000000000005,1,2021-08-18
2021.0,33.0,29.28718672277766,0.5105818808217426,1.23,63.568492138480444,55.507224680207464,0.007027607659563053,617.0,8667.0,26.285714285714285,52.15403128760529,2264.285714285714,1,2021-08-19
2021.0,33.0,29.224622100441877,0.5104565428150646,1.22,63.7278848242229,55.75979151029628,0.007570136083812101,647.0,8832.0,28.714285714285715,55.81829121540313,2401.904761904762,1,2021-08-20
2021.0,33.0,29.162057478106096,0.5103421907749365,1.19,63.81634582806769,55.859299162743916,0.008001993521296377,677.0,6828.0,29.857142857142858,58.462093862815884,2534.5714285714284,1,2021-08-21
2021.0,33.0,29.09949285577031,0.5102388247013582,1.18,63.864652510845005,55.923946657306146,0.008426633285730775,707.0,3104.0,31.0,59.70517448856799,2666.666666666667,1,2021-08-22
2021.0,33.0,29.036928233434526,0.5101464445943297,1.16,63.97526695917089,56.09351866793995,0.008834431813048795,770.0,6555.0,34.57142857142857,62.16606498194946,2797.2380952380954,1,2021-08-23
2021.0,33.0,28.97436361109874,0.510065050453851,1.14,64.12180496921151,56.30521181554732,0.009417860384580477,800.0,12894.0,37.142857142857146,66.95066185318893,2931.047619047619,1,2021-08-24
2021.0,33.0,28.91179898876296,0.5099946422799223,1.12,64.2919411612887,56.546697111613554,0.010069856850085985,832.0,12722.0,39.57142857142857,71.72322503008424,3073.4285714285716,1,2021-08-25
2021.0,34.0,28.91179898876296,0.5099352200725433,1.09,64.45263302818014,56.747283463342676,0.010798841828123507,863.0,11616.0,40.714285714285715,75.2719614921781,3225.5238095238096,2,2021-08-26
2021.0,34.0,28.87459771178764,0.5097225418271909,1.07,64.5900454935947,56.91328031992577,0.012273653021314931,919.0,10390.0,43.0,77.1468110709988,3377.904761904762,2,2021-08-27
2021.0,34.0,28.86275978017279,0.5093566075438649,1.05,64.67522847092935,56.992603749689415,0.013255256556098131,965.0,8397.0,46.42857142857143,79.03489771359807,3537.1428571428573,2,2021-08-28
2021.0,34.0,28.876285193918413,0.5088374172225654,1.05,64.72043877196826,57.04925767134891,0.014186336379532195,1003.0,3749.0,47.57142857142857,79.81107099879664,3702.285714285714,2,2021-08-29
2021.0,34.0,28.9151739530245,0.5081649708632924,1.05,64.82254238082284,57.176007227777795,0.016776278058929533,1062.0,7063.0,47.857142857142854,80.42238267148015,3859.4285714285716,2,2021-08-30
2021.0,34.0,28.979426057491054,0.5073392684660457,1.06,64.95669967569191,57.33052196948404,0.02118387040138743,1091.0,14569.0,50.714285714285715,82.43802647412755,3985.1428571428573,2,2021-08-31
2021.0,34.0,29.069041507318072,0.5063603100308256,1.06,65.10801578529156,57.5165274187069,0.04007372371842246,1129.0,14733.0,52.42857142857143,84.85800240673886,4081.904761904762,2,2021-09-01
2021.0,35.0,29.211898650175215,0.5052280955576319,1.06,65.24383675379862,57.670303551871044,0.0608437808649503,1161.0,12713.0,56.42857142857143,86.17809867629362,4148.0,2,2021-09-02
2021.0,35.0,29.326877445362708,0.5042744666394375,1.05,65.37257718504375,57.81964683083705,0.08052998410848837,1208.0,12057.0,58.0,88.1841155234657,4199.428571428572,2,2021-09-03
2021.0,35.0,29.4418562405502,0.5034994232762423,1.03,65.43120393733689,57.88558268003869,0.08613210134070082,1251.0,9483.0,58.42857142857143,89.49097472924188,4235.2380952380945,2,2021-09-04
2021.0,35.0,29.55683503573769,0.5029029654680465,1.01,65.4654866813783,57.92514635486159,0.0901511422839737,1278.0,4053.0,57.42857142857143,89.85679903730446,4251.047619047619,2,2021-09-05
2021.0,35.0,29.67181383092518,0.5024850932148499,0.99,65.54293592203999,58.01631398610009,0.10837937557143672,1315.0,7000.0,60.0,89.78098676293622,4262.666666666667,2,2021-09-06
2021.0,35.0,29.786792626112675,0.5022458065166526,0.97,65.6544646089522,58.146079326918304,0.13593524833035675,1341.0,15122.0,61.0,90.44645006016847,4283.619047619048,2,2021-09-07
2021.0,35.0,29.901771421300168,0.5021851053734545,0.95,65.7806547957197,58.30115945301346,0.1684665037116583,1379.0,14157.0,59.142857142857146,89.75330926594465,4300.0,2,2021-09-08
2021.0,36.0,29.901771421300168,0.5023029897852559,0.94,65.90553617777418,58.44962698764942,0.2030511870756497,1389.0,12376.0,58.57142857142857,89.34777376654633,4317.52380952381,2,2021-09-09
2021.0,36.0,30.016750216487655,0.5024812296407776,0.92,66.01333813950163,58.58956684157695,0.2293199081406751,1401.0,11138.0,59.0,88.2418772563177,4334.857142857143,2,2021-09-10
2021.0,36.0,30.131729011675144,0.5027198249400197,0.92,66.0663122508512,58.662147761766505,0.23677456145568918,1424.0,8568.0,58.857142857142854,87.14079422382672,4346.285714285715,2,2021-09-11
2021.0,36.0,30.246707806862638,0.5030187756829821,0.9,66.0951239987208,58.70577258062547,0.24227683421071167,1441.0,3285.0,59.0,86.21660649819495,4353.714285714285,2,2021-09-12
2021.0,36.0,30.361686602050128,0.5033780818696653,0.89,66.17185628385954,58.804785822469185,0.2676168813433196,1490.0,6860.0,57.285714285714285,86.04813477737666,4357.9047619047615,2,2021-09-13
2021.0,36.0,30.476665397237618,0.5037977435000687,0.89,66.28401411127258,58.938359688766724,0.30755226632828614,1530.0,13383.0,55.42857142857143,83.95547533092659,4353.714285714285,2,2021-09-14
2021.0,36.0,30.59164419242511,0.5042777605741925,0.89,66.41011287418146,59.104962829886006,0.35704385043128906,1519.0,12223.0,58.285714285714285,81.62815884476534,4328.761904761905,2,2021-09-15
2021.0,37.0,30.734501335282253,0.5048181330920368,0.9,66.53790418142054,59.25894226084105,0.4078466451383529,1539.0,10259.0,55.285714285714285,79.0806257521059,4293.333333333333,2,2021-09-16
2021.0,37.0,30.849480130469743,0.5050747432894184,0.9,66.65125893961437,59.40741099842252,0.4458885938932351,1534.0,8883.0,52.714285714285715,76.36702767749699,4233.714285714285,2,2021-09-17
2021.0,37.0,30.964458925657237,0.505047591166337,0.92,66.70157815022708,59.4831496505714,0.4554087046460222,1516.0,7043.0,50.285714285714285,74.53188929001203,4154.285714285715,2,2021-09-18
2021.0,37.0,31.079437720844727,0.5047366767227929,0.93,66.73138593697756,59.53043864144868,0.4620285137782672,1526.0,2779.0,49.714285714285715,73.92298435619735,4065.714285714286,2,2021-09-19
2021.0,37.0,31.194416516032216,0.5041419999587858,0.94,66.79493514229071,59.627420108328856,0.49219959007225916,1532.0,5409.0,49.57142857142857,72.17689530685921,3968.7619047619046,2,2021-09-20
2021.0,37.0,31.30939531121971,0.503263560874316,0.95,66.89086764068763,59.7623833766885,0.5433777037779165,1495.0,11253.0,47.42857142857143,69.61371841155234,3860.1904761904766,2,2021-09-21
2021.0,37.0,31.424374106407196,0.5021013594693834,0.96,66.99972819446239,59.92149938496404,0.6069184884725041,1492.0,10448.0,43.857142857142854,67.4777376654633,3756.952380952381,2,2021-09-22
2021.0,38.0,31.424374106407196,0.5006553957439878,0.98,67.10916977091767,60.071595707818254,0.6706288884837636,1451.0,9088.0,43.857142857142854,66.06859205776173,3648.7619047619046,2,2021-09-23
2021.0,38.0,31.539352901594693,0.49948750756886684,1.02,67.20707991173026,60.21777644304291,0.7167017014521417,1424.0,8403.0,44.285714285714285,65.49097472924188,3559.4285714285716,2,2021-09-24
2021.0,38.0,31.65433169678218,0.4985976949440207,1.03,67.24700086136913,60.287757797989,0.7275967789209302,1427.0,6351.0,44.714285714285715,64.65824308062575,3483.0476190476193,2,2021-09-25
2021.0,38.0,31.769310491969673,0.4979859578694491,1.05,67.26861177742597,60.32721441066166,0.7347278398942082,1427.0,2641.0,45.142857142857146,64.49217809867629,3414.4761904761904,2,2021-09-26
2021.0,38.0,31.884289287157166,0.49765229634515223,1.05,67.32814194179585,60.41672558593521,0.768487302639497,1424.0,5761.0,45.57142857142857,64.91576413959085,3357.9047619047624,2,2021-09-27
2021.0,38.0,31.999268082344653,0.49759671037112996,1.04,67.4166245986598,60.54113661629593,0.8249403323991058,1403.0,12634.0,46.142857142857146,66.57761732851985,3321.714285714286,2,2021-09-28
2021.0,38.0,32.114246877532146,0.4978191999473824,1.02,67.51078154948644,60.68348837596763,0.8912911978011119,1351.0,11377.0,49.42857142857143,67.69554753309266,3316.380952380952,2,2021-09-29
2021.0,39.0,32.25710402038929,0.4983197650739094,1.01,67.60509969501122,60.82328628232518,0.9512014929516115,1342.0,9497.0,50.857142857142854,68.18772563176896,3332.761904761905,2,2021-09-30
2021.0,39.0,32.37208281557678,0.49872924567124893,1.01,67.65797275893809,60.894613733295074,0.9799699347829107,1344.0,8380.0,51.57142857142857,68.16004813477738,3336.7619047619046,2,2021-10-01
2021.0,39.0,32.487061610764265,0.4990476417394008,1.01,67.6743580797068,60.91254844787851,0.9840611524566825,1320.0,6152.0,52.0,67.92057761732852,3344.5714285714284,2,2021-10-02
2021.0,39.0,32.60204040595176,0.4992749532783653,1.02,67.68086601490678,60.920663518277586,0.9861338275675052,1320.0,2644.0,52.0,67.92418772563177,3358.095238095238,2,2021-10-03
2021.0,39.0,32.71701920113925,0.49941118028814213,1.02,67.71954191594455,60.9728629327198,1.0100002664524301,1336.0,5648.0,50.714285714285715,67.78820697954272,3370.4761904761904,2,2021-10-04
2021.0,39.0,32.83199799632674,0.4994563227687316,1.03,67.78575805144962,61.074713923017626,1.06113387117428,1348.0,12209.0,53.857142857142854,67.27677496991576,3368.380952380952,2,2021-10-05
2021.0,39.0,32.94697679151423,0.4994103807201334,1.04,67.85583804792739,61.18649402554106,1.1248935919513803,1347.0,11090.0,54.57142857142857,66.93140794223827,3333.1428571428573,2,2021-10-06
2021.0,40.0,33.23269107722852,0.4992733541423477,1.05,67.93081042378748,61.30274066473687,1.1877330594146216,1364.0,10117.0,57.0,67.67749699157642,3289.047619047619,2,2021-10-07
2021.0,40.0,33.347669872416006,0.49901666738558426,1.05,68.00028293278356,61.40122701644793,1.2390398882896683,1343.0,9199.0,58.0,68.66305655836342,3267.2380952380954,2,2021-10-08
2021.0,40.0,33.4626486676035,0.49864032044984313,1.06,68.01963952895781,61.42431875842551,1.2453758022819517,1333.0,7020.0,57.285714285714285,69.70758122743682,3262.380952380952,2,2021-10-09
2021.0,40.0,33.57762746279099,0.49814431333512427,1.07,68.02776301997545,61.43391706063633,1.248304974594693,1337.0,2636.0,58.0,69.69795427196149,3265.904761904762,2,2021-10-10
2021.0,40.0,33.69260625797848,0.4975286460414276,1.09,68.06333050981974,61.48393433192647,1.2774908385173769,1346.0,6226.0,60.57142857142857,70.39350180505416,3274.0,2,2021-10-11
2021.0,40.0,33.80758505316597,0.4967933185687533,1.12,68.12330335813667,61.576826987023885,1.3393138170260939,1375.0,12628.0,60.857142857142854,70.8977135980746,3309.0476190476193,2,2021-10-12
2021.0,40.0,33.92256384835347,0.4959383309171013,1.14,68.1895567849525,61.68170940000266,1.414820300691868,1394.0,12049.0,58.714285714285715,72.05174488567991,3373.619047619048,2,2021-10-13
2021.0,41.0,33.92256384835347,0.4949636830864715,1.18,68.25625169276988,61.78964849751805,1.489478707774282,1389.0,11303.0,58.42857142857143,73.47894103489772,3442.7619047619046,2,2021-10-14
2021.0,41.0,34.03754264354096,0.4941780677541222,1.2,68.31427336347234,61.87867007396972,1.5470649122027214,1396.0,11122.0,60.714285714285715,75.79302045728039,3522.0,2,2021-10-15
2021.0,41.0,34.15252143872844,0.4935814849200537,1.22,68.33277947717221,61.9019939844304,1.5549694671378445,1400.0,8482.0,60.714285714285715,77.5523465703971,3595.9047619047624,2,2021-10-16
2021.0,41.0,34.26750023391593,0.49317393458426567,1.24,68.33976257584797,61.911115920219935,1.5590089581547586,1414.0,3403.0,61.857142857142854,78.47533092659447,3670.3809523809527,2,2021-10-17
2021.0,41.0,34.38247902910343,0.49295541674675836,1.25,68.37042806274589,61.95521590255468,1.5944657770122768,1451.0,8061.0,67.14285714285714,80.6835138387485,3753.8095238095234,2,2021-10-18
2021.0,41.0,34.49745782429092,0.49292593140753155,1.26,68.42456181356546,62.04290461538314,1.6654732444769615,1467.0,19076.0,74.0,88.44283995186522,3859.714285714286,2,2021-10-19
2021.0,41.0,34.61243661947841,0.49308547856658536,1.26,68.48307548898082,62.13954444573895,1.7546548126812351,1472.0,17910.0,79.28571428571429,95.49578820697954,4016.0952380952376,2,2021-10-20
2021.0,42.0,34.8981509051927,0.4934340582239199,1.24,68.54275361564821,62.23628532351746,1.8451211266883867,1525.0,17213.0,86.57142857142857,102.60770156438026,4220.7619047619055,2,2021-10-21
2021.0,42.0,35.01312970038018,0.49365043887316196,1.21,68.59161726219587,62.311500694370224,1.9120626383349744,1531.0,16630.0,90.71428571428571,109.2358604091456,4445.9047619047615,2,2021-10-22
2021.0,42.0,35.12810849556768,0.4937346205143117,1.19,68.60951227957753,62.33230563693649,1.9256438931238251,1593.0,13289.0,96.71428571428571,115.02045728038507,4709.9047619047615,2,2021-10-23
2021.0,42.0,35.24308729075517,0.49368660314736906,1.2,68.61514807928397,62.33920573237217,1.9303931219906438,1617.0,5165.0,97.0,117.14079422382672,5001.333333333334,2,2021-10-24
2021.0,42.0,35.35806608594266,0.49350638677233405,1.2,68.64838305778764,62.38636600808007,1.9784219243555385,1671.0,11793.0,96.28571428571429,121.63176895306859,5289.142857142857,2,2021-10-25
2021.0,42.0,35.47304488113015,0.49319397138920673,1.19,68.70166151435082,62.47647384432574,2.0845590094994804,1695.0,26299.0,93.42857142857143,130.323706377858,5556.666666666667,2,2021-10-26
2021.0,42.0,35.58802367631764,0.492749356997987,1.19,68.75960499359522,62.5747845659926,2.2163886048099655,1758.0,27309.0,97.42857142857143,141.63417569193743,5776.380952380952,2,2021-10-27
2021.0,43.0,35.58802367631764,0.4921725435986749,1.17,68.82023465015969,62.6731301730792,2.353479883773811,1802.0,24279.0,95.42857142857143,150.13718411552347,6001.619047619048,2,2021-10-28
2021.0,43.0,35.70300247150514,0.49170738096502475,1.17,68.87298381069921,62.752595550412835,2.4667889300383132,1862.0,22521.0,94.14285714285714,157.2262334536703,6215.619047619047,2,2021-10-29
2021.0,43.0,35.81798126669262,0.49135386909703666,1.17,68.8914033123225,62.77263181079929,2.4901188552265308,1929.0,17086.0,90.71428571428571,161.7954271961492,6400.952380952381,2,2021-10-30
2021.0,43.0,35.93296006188011,0.4911120079947105,1.18,68.89686588787573,62.778736759253974,2.497536217230787,1978.0,7473.0,92.57142857142857,164.57280385078218,6560.0,2,2021-10-31
2021.0,43.0,36.0479388570676,0.4909817976580463,1.2,68.91272552145733,62.800933509773365,2.5350861612727695,2054.0,11392.0,87.85714285714286,164.09025270758121,6725.52380952381,2,2021-11-01
2021.0,43.0,36.162917652255096,0.490963238087044,1.22,68.95767358037544,62.87353006825453,2.671231925067081,2132.0,24294.0,88.71428571428571,161.67749699157642,6850.095238095238,2,2021-11-02
2021.0,43.0,36.277896447442586,0.4910563292817037,1.23,69.01976240984149,62.962545629978656,2.865661601684653,2220.0,36044.0,85.42857142857143,172.18892900120338,6976.952380952382,2,2021-11-03
2021.0,44.0,36.42075359029973,0.49126107124202534,1.23,69.08101398923375,63.0519689902301,3.0695692859622214,2326.0,36401.0,82.71428571428571,186.77617328519855,7059.333333333334,2,2021-11-04
2021.0,44.0,36.53573238548722,0.4914365643508725,1.22,69.13420463077482,63.12126827507298,3.246402275684195,2411.0,33626.0,77.57142857142857,200.1395908543923,7132.857142857143,2,2021-11-05
2021.0,44.0,36.65071118067471,0.49158280860824505,1.22,69.15558578423958,63.139528987889165,3.28825635875492,2441.0,23742.0,74.0,208.14921780986762,7195.333333333334,2,2021-11-06
2021.0,44.0,36.7656899758622,0.4916998040141432,1.22,69.1651251421205,63.148572732220664,3.3075828812914727,2533.0,11824.0,70.57142857142857,213.38507821901322,7234.857142857143,3,2021-11-07
2021.0,44.0,36.88066877104969,0.49178755056856677,1.21,69.20136387555841,63.18999616079941,3.429237963492649,2613.0,23980.0,67.0,228.53309265944645,7261.619047619047,3,2021-11-08
2021.0,44.0,36.99564756623719,0.4918460482715158,1.18,69.26703988853026,63.27111438526146,3.678375195937268,2678.0,46451.0,56.42857142857143,255.19614921780988,7352.7619047619055,3,2021-11-09
2021.0,44.0,37.11062636142468,0.4918752971229904,1.18,69.33569078574416,63.35460120942938,3.9853043364922485,2732.0,49454.0,44.285714285714285,271.3333333333333,7399.333333333334,3,2021-11-10
2021.0,44.0,37.18655348592252,0.49187529712299033,1.18,69.40458467795074,63.43830336084329,4.28883154714972,2818.0,49454.0,34.714285714285715,288.2295961666731,7433.619047619047,3,2021-11-11
2021.0,44.0,37.30153228111003,0.49187529712299033,1.18,69.40458467795074,63.43830336084329,4.28883154714972,2852.0,49454.0,29.142857142857142,304.97898798460295,7448.0952380952385,3,2021-11-12
2021.0,44.0,37.41651107629752,0.4918752971229904,1.18,69.40458467795074,63.43830336084329,4.28883154714972,2925.0,49454.0,28.142857142857142,321.7283798025328,7454.285714285715,3,2021-11-13
2021.0,44.0,37.53148987148501,0.49187529712299033,1.18,69.40458467795074,63.43830336084329,4.28883154714972,3021.0,49454.0,27.714285714285715,338.4777716204627,7473.333333333334,3,2021-11-14
