Datum,PS_7_Tage_R_Wert,Meldejahr,MW,Fälle gesamt,Mittelwert Alter (Jahre),Männer,Anzahl hospitalisiert,Anzahl Verstorben,Trend,Lockdown-Strength
2020-03-06,2.34,2019.8602933321401,10.056063587186253,902.8924872296338,43.35217845757905,0.5194662530194919,136.6240029742157,6.514652048648234,1,0
2020-03-07,2.56,2019.8612940853202,10.201628480249195,1169.8336739900303,43.692870698601254,0.5192754266633046,137.120840180944,6.142632034383075,1,0
2020-03-08,2.93,2019.8623011884563,10.347168075470563,1698.5871523074336,44.024481491878376,0.5190853348017378,163.59768623135568,11.041466985585341,1,1
2020-03-09,3.13,2019.8633146415493,10.49268237285036,2489.1529221818446,44.34701083741039,0.5188959774347914,216.0545411254508,21.211156902255027,1,1
2020-03-10,3.22,2019.864334444599,10.638171372388584,3541.530983613262,44.66045873519732,0.5187073545624658,294.4914048632293,36.65170178439214,1,1
2020-03-11,3.12,2019.8653605976056,10.783635074085238,4855.721336601687,44.96482518523915,0.5185194661847605,398.9082774446911,57.36310163199668,1,1
2020-03-12,2.84,2020.0,11.0,6431.0,45.0,0.5628304821150856,530.0,84.0,1,1
2020-03-13,2.5,2019.867431953489,11.07448658395383,8269.53891724956,45.54631374208755,0.5181458929132116,685.6820491386652,114.598466223608,1,1
2020-03-14,2.18,2019.8684771563655,11.219874392125766,10369.166144909004,45.82343584889411,0.5179602080193679,868.0389482511773,151.12243096761483,1,1
2020-03-15,1.99,2019.8695287091987,11.365236902456132,12730.605664125458,46.09147650795556,0.5177752576201448,1076.3758562073729,192.91725067708904,1,1
2020-03-16,1.74,2019.8705866119885,11.510574114944921,15304.78986818897,46.35043571927195,0.5175910417155419,1312.058213182869,241.28539198728535,1,1
2020-03-17,1.56,2019.871650864736,11.655886029592146,17797.313116839818,46.60031348284323,0.51740756030556,1583.2786602313688,304.0416547097316,1,2
2020-03-18,1.39,2019.8727214674393,11.801172646397793,20159.107803368042,46.84110979866942,0.5172248133901982,1891.402637528489,382.4885054796823,1,2
2020-03-19,1.24,2020.0,12.0,22391.0,45.0,0.5493543053755753,2235.0,476.0,1,2
2020-03-20,1.13,2019.8748817227165,12.091669986484375,24490.511490056662,47.29545808708653,0.5168615230433365,2618.3611828685935,586.4539711620978,1,2
2020-03-21,1.04,2019.8759713752904,12.236880709765309,26460.12049021705,47.509010059677436,0.5166809796118365,3037.1957509115773,711.9725860745623,1,2
2020-03-22,0.98,2019.8770673778204,12.382066135204669,28299.000928254813,47.71348058452327,0.5165011706749569,3492.9338492031807,853.1817890345314,1,3
2020-03-23,0.92,2019.8781697303075,12.527226262802458,29999.44702895071,47.908869661623996,0.5163220962326978,3974.7217299421377,1007.8154954590223,1,3
2020-03-24,0.9,2019.8792784327518,12.672361092558678,31515.224140989198,48.09517729097963,0.5161437562850595,4417.436906320834,1162.2771978501373,1,3
2020-03-25,0.9,2019.8803934851524,12.817470624473321,32838.626489151,48.27240347259018,0.5159661508320413,4810.225630538003,1314.3008116248927,1,3
2020-03-26,0.88,2020.0,13.0,33969.0,48.0,0.49505096329464443,5154.0,1463.0,1,3
2020-03-27,0.9,2019.8826426398236,13.107613794777894,34908.30689384457,48.59961149257599,0.5156131434098669,5446.023722487756,1611.0337733253277,1,3
2020-03-28,0.9,2019.8837767420941,13.252647433167823,35654.584950376346,48.74959333095126,0.5154377414407104,5689.033090220339,1755.7431212510069,1,3
2020-03-29,0.9,2019.8849171943216,13.39765577371618,36208.48824303143,48.890493721581436,0.5152630739661744,5882.116005791393,1898.0143805603266,1,3
2020-03-30,0.92,2019.886063996506,13.542638816422965,36560.752043921726,49.02231266446652,0.5150891409862589,6024.461173960238,2034.2164329049822,1,3
2020-03-31,0.93,2019.8872171486469,13.68759656128818,36655.78798571846,49.14505015960651,0.5149159425009642,6111.200823282795,2142.562568195142,1,3
2020-04-01,0.93,2019.8883766507447,13.832529008311818,36484.33134053349,49.25870620700141,0.5147434785102898,6141.5236585183775,2219.4216680824984,0,3
2020-04-02,0.95,2020.0,14.0,36047.0,51.0,0.45072182121043863,6116.0,2267.0,0,3
2020-04-03,0.93,2019.8907147048103,14.122318008834384,35341.94028921847,49.458773958555945,0.5144007540128025,6032.918886728632,2278.6787616488054,0,3
2020-04-04,0.92,2019.891893256778,14.26717456233331,34371.00588308843,49.54518566271557,0.5142304935059897,5893.991279703301,2261.0767553277556,0,3
2020-04-05,0.89,2019.8930781587028,14.412005817990662,33133.57888997668,49.622515919130095,0.5140609674937974,5698.646858590999,2211.9877136039036,0,3
2020-04-06,0.89,2019.8942694105838,14.556811775806441,31662.622739724044,49.690764727799525,0.5138921759762255,5455.027519376574,2134.9985435284807,0,3
2020-04-07,0.87,2019.8954670124222,14.701592435780652,30155.918011375325,49.749932088723895,0.5137241189532742,5211.984637969114,2051.630687408874,0,3
2020-04-08,0.85,2019.8966709642166,14.846347797913287,28646.42813477132,49.80001800190314,0.5135567964249435,4977.660110353465,1965.471052296314,0,3
2020-04-09,0.83,2020.0,15.0,27134.0,52.0,0.4346799483490131,4751.0,1875.0,0,3
2020-04-10,0.81,2019.8990979176763,15.135782628653846,25619.09293679746,49.87294548502638,0.5132243548521436,4535.1661164976,1784.7764450923346,0,3
2020-04-11,0.81,2019.9003209193413,15.280462097261767,24101.247615427605,49.895787054970356,0.5130592358076742,4326.996650257386,1690.241473000916,0,3
2020-04-12,0.79,2019.9015502709624,15.425116268028116,22580.617145802466,49.90954717716924,0.5128948512578254,4127.545537808983,1592.914721916543,0,3
2020-04-13,0.79,2019.9027859725406,15.569745140952891,21074.801599356022,49.91422585162304,0.5127312012025972,3936.214034580718,1493.696643516112,0,3
2020-04-14,0.78,2019.9040280240763,15.714348716036097,19689.401404692126,49.90982307833174,0.5125682856419896,3749.4096731425493,1397.989947860986,0,3
2020-04-15,0.76,2019.9052764255682,15.85892699327773,18442.016633244755,49.896338857295355,0.5124061045760024,3566.533708922801,1306.6950866280586,0,3
2020-04-16,0.78,2020.0,16.0,17332.0,51.0,0.44726810673443457,3388.0,1220.0,0,3
2020-04-17,0.8,2019.9077922784218,16.14800765423628,16361.293359999587,49.8421260719873,0.5120839459278896,3212.566972138571,1137.3408674288012,0,3
2020-04-18,0.81,2019.9090597297836,16.292510037953196,15527.954858201792,49.801397507715635,0.511923968345764,3041.476199574089,1059.2815094624711,0,3
2020-04-19,0.84,2019.9103335311022,16.43698712382854,14832.631779620522,49.75158749569888,0.5117647252582589,2874.313824228028,985.6339859183398,0,3
2020-04-20,0.84,2019.911613682378,16.581438911862314,14253.10959007719,49.692696035937026,0.5116062166653744,2711.076165862057,916.1837606240698,0,3
2020-04-21,0.82,2019.91290018361,16.725865402054513,13656.10108450028,49.62472312843008,0.5114484425671103,2551.7411430461843,849.6436165456331,0,3
2020-04-22,0.83,2019.9141930347987,16.870266594405138,13019.391728711205,49.547668773178046,0.5112914029634668,2396.305075542076,785.7990175106914,0,3
2020-04-23,0.81,2020.0,17.0,12344.0,50.0,0.4491766042021579,2245.0,725.0,0,3
2020-04-24,0.81,2019.9167977870466,17.15899308558168,11626.870466496553,49.36631571943872,0.5109795272400411,2097.1298064691564,666.1964545712942,0,3
2020-04-25,0.83,2019.9181096881057,17.303318384407596,10871.058560070978,49.2620170209514,0.5108246911202592,1953.390604900345,610.4384906668387,0,3
2020-04-26,0.82,2019.9194279391213,17.44761838539194,10075.545803433235,49.148636874719,0.5106705894950977,1813.5503586432978,557.3760718058782,0,3
2020-04-27,0.82,2019.9207525400939,17.591893088534707,9259.3614219106,49.02617528074149,0.5105172223645568,1679.1265157301264,507.32276031151986,0,3
2020-04-28,0.81,2019.922083491023,17.736142493835903,8536.680767466696,48.894632239018904,0.5103645897286363,1559.223764353484,462.1599301224036,0,3
2020-04-29,0.81,2019.9234207919087,17.880366601295528,7926.533065428792,48.75400774955123,0.5102126915873363,1455.3595525454805,422.20114356163583,0,3
2020-04-30,0.81,2020.0,18.0,7428.0,48.0,0.4783780142799407,1367.0,387.0,0,3
2020-05-01,0.82,2019.926114443551,18.16873892269006,7043.836518570986,48.445514427380594,0.509911098788598,1295.7467476353893,357.8957013251465,0,3
2020-05-02,0.85,2019.9274707943068,18.31288713662497,6771.287673751085,48.277645594677644,0.5097614041311596,1239.9981545333017,333.5490456494249,0,3
2020-05-03,0.86,2019.9288334950197,18.457010052718307,6611.2717813371855,48.1006953142296,0.5096124439683417,1200.2881009998525,314.40643360205183,0,3
2020-05-04,0.89,2019.9302025456893,18.60110767097007,6546.235340756135,47.914663586036454,0.5094642183001443,1174.1410558805435,299.8090795757535,0,3
2020-05-05,0.9,2019.9315779463154,18.74517999138026,6470.857348569021,47.71955041009822,0.5093167271265675,1146.7038322483809,285.80426992688507,0,3
2020-05-06,0.89,2019.9329596968985,18.889227013948886,6367.58430420269,47.515355786414894,0.5091699704476111,1115.5008989488654,271.7332190481725,0,1
2020-05-07,0.9,2020.0,19.0,6237.0,47.0,0.48066121007863905,1081.0,258.0,0,1
2020-05-08,0.89,2019.9357422479347,19.17724516556141,6077.353058932377,47.07972219581298,0.5088786605735601,1041.7979033477766,243.3923936012149,0,1
2020-05-09,0.87,2019.9371430483877,19.321216294605314,5890.394858028398,46.848283228894374,0.5087341073784653,999.2978410462033,229.1226190329699,0,1
2020-05-10,0.87,2019.9385501987974,19.465162125807645,5675.541604945199,46.60776281423068,0.508590288677991,953.0320690772774,214.78660323488072,0,1
2020-05-11,0.85,2019.9399636991643,19.609082659168404,5437.426082333017,46.3581609518219,0.5084472044721373,903.6912962331455,200.53717198334704,0,1
2020-05-12,0.85,2019.9413835494877,19.752977894687596,5203.844986093241,46.099477641668024,0.508304854760904,855.4197752666872,187.29127993676644,0,1
2020-05-13,0.85,2019.9428097497675,19.89684783236521,4979.431098876099,45.83171288376904,0.5081632395442913,808.9082149700489,175.2017528715386,0,1
2020-05-14,0.89,2020.0,20.0,4764.0,45.0,0.49600672551492225,764.0,164.0,0,1
2020-05-15,0.92,2019.9456812001977,20.18451181419573,4558.1049515097275,45.275155540837474,0.5078822125949275,721.1649763862322,154.49179368514098,0,1
2020-05-16,0.93,2019.9471264503482,20.328305858348628,4361.192691360497,44.99879598800815,0.5077428008621763,679.933298099054,145.87136156397122,0,1
2020-05-17,0.96,2019.948578050455,20.472074604659955,4173.4476402339005,44.725788019637,0.5076041236240456,640.4615804816956,138.40729442415417,0,1
2020-05-18,0.92,2019.9500360005188,20.61581805312971,3996.5625209403315,44.456131635724056,0.5074661808805355,603.0544488394447,131.9302866234276,0,1
2020-05-19,0.92,2019.9515003005388,20.759536203757897,3840.6936703421297,44.189826836269276,0.5073289726316459,569.539655004025,125.4245043082178,0,1
2020-05-20,0.91,2019.952970950516,20.90322905654451,3707.533811249683,43.92687362127269,0.5071924988773768,540.2218242807235,118.72064183626253,0,1
2020-05-21,0.85,2020.0,21.0,3597.0,44.0,0.5020908837468637,515.0,112.0,0,1
2020-05-22,0.83,2019.9559313003404,21.19053886859302,3509.3410675820596,43.41102194465408,0.5069217548527002,494.17705217047575,104.71867642211554,0,1
2020-05-23,0.82,2019.9574210001877,21.334155827854914,3444.3081830068813,43.15812348303206,0.5067874845822926,477.4501107835294,97.42057347992383,0,1
2020-05-24,0.81,2019.9589170499914,21.477747489275238,3401.98428993746,42.90857660586821,0.5066539488065055,464.92013250870133,89.92439038098661,0,1
2020-05-25,0.87,2019.9604194497524,21.621313852853994,3377.167783126859,42.66238131316256,0.5065211475253392,455.853517523613,82.35642655562764,0,1
2020-05-26,0.89,2019.9619281994696,21.764854918591173,3338.6490310934632,42.41953760491509,0.5063890807387931,445.8486668939913,75.4744785857892,0,1
2020-05-27,0.91,2019.963443299144,21.90837068648678,3281.226428590336,42.18004548112581,0.5062577484468676,434.1719807974574,69.40484590179494,0,1
2020-05-28,0.94,2020.0,22.0,3205.0,42.0,0.5155026620732853,421.0,64.0,0,1
2020-05-29,0.92,2019.9664925483623,22.19532632875328,3109.6696721748885,41.7111159869218,0.5059972873468782,405.8031022036534,59.70252639133915,0,1
2020-05-30,0.92,2019.968026697907,22.338766203124177,2995.535518262568,41.48167861650707,0.5058681585388143,389.11090970638327,56.06983956487758,0,1
2020-05-31,0.87,2019.969567197408,22.482180779653493,2862.4975138805157,41.25559283055053,0.5057397642253708,370.7468817422008,53.249468024260224,0,1
2020-06-01,0.89,2019.9711140468658,22.625570058341243,2714.8519685395363,41.03285862905219,0.5056121044065479,351.25258645654344,51.13461291470698,0,1
2020-06-02,0.89,2019.9726672462803,22.76893403918742,2578.3767393044454,40.81347601201202,0.5054851790823456,333.8774327220336,49.08448110753705,0,1
2020-06-03,0.91,2019.9742267956512,22.91227272219202,2457.368135686047,40.59744497943003,0.5053589882527636,319.1629886841081,46.99227374797031,0,1
2020-06-04,0.95,2020.0,23.0,2352.0,39.0,0.5053259480187473,307.0,45.0,0,1
2020-06-05,0.96,2019.977364944264,23.198874194676517,2261.7508052993253,40.17543766764063,0.5051088100774614,297.7162296980107,42.68163237164641,0,1
2020-06-06,0.96,2019.9789435435052,23.342136984156404,2187.142078531003,39.9694613884332,0.5049848227317412,290.98391474983873,40.46319835488925,0,1
2020-06-07,1.01,2019.9805284927031,23.48537447579472,2127.9999773793716,39.76683669368397,0.5048615698806413,286.91230949825126,38.202688785735276,0,1
2020-06-08,1.03,2019.9821197918582,23.628586669591463,2090.354704494813,39.56756358339292,0.504739051524162,285.3335304220134,35.99049357232868,0,1
2020-06-09,1.04,2019.9837174409697,23.771773565546635,2110.387475779608,39.37164205756005,0.5046172676623032,285.2402763937154,34.36895216353456,1,1
2020-06-10,1.06,2019.985321440038,23.91493516366024,2194.128493884135,39.17907211618537,0.504496218295065,286.46466389212236,33.42845446749708,1,1
2020-06-11,1.05,2020.0,24.0,2341.0,37.0,0.5334763948497854,289.0,33.0,1,1
2020-06-12,1.07,2019.988548488045,24.20118246636272,2552.73527055239,38.803986986810564,0.5042563230444501,292.8663634690512,33.59059021369207,1,1
2020-06-13,1.11,2019.9901715369836,24.344268170951608,2827.601029116117,38.62147179881045,0.5041374771610734,298.04367554757306,34.69322365592453,1,1
2020-06-14,1.19,2019.991800935878,24.48732857769892,3166.175034499577,38.44230819526851,0.5040193657723171,304.5386291527999,36.476900810913634,1,1
2020-06-15,1.43,2019.9934366847303,24.63036368660466,3548.6959740012517,38.26649617618476,0.5039019888781815,311.94788966330896,38.74544596676562,1,1
2020-06-16,1.48,2019.9950787835392,24.773373497668825,3856.5959714120295,38.09403574155919,0.5037853464786664,317.8514493505647,40.32180485211787,1,1
2020-06-17,1.47,2019.9967272323045,24.91635801089142,4070.1137140303913,37.92492689139181,0.5036694385737717,321.84597359314415,41.0098017550766,1,1
2020-06-18,1.42,2020.0,25.0,4190.0,36.0,0.5888118575185274,324.0,41.0,1,1
2020-06-19,1.19,2020.000043179705,25.2022511438119,4214.002434889866,37.59676394443161,0.5034398262478439,324.1079157442748,39.72070961381351,1,1
2020-06-20,1.13,2020.0017106783405,25.34515976350978,4144.373413130978,37.43770984763879,0.5033261218268108,322.37533365282593,37.7436205695917,0,1
2020-06-21,1.04,2020.0033845269327,25.488043085366087,3980.3621365796753,37.28200733530415,0.5032131519003983,318.73371611670086,34.878169542976366,0,1
2020-06-22,0.83,2020.0050647254818,25.630901109380826,3737.745815904435,37.12965640742771,0.5031009164686061,313.4276828709984,31.320933457868925,0,1
2020-06-23,0.76,2020.0067512739877,25.773733835553987,3511.1877151161284,36.98065706400945,0.5029894155314346,307.9249523263103,28.251373857677734,0,1
2020-06-24,0.73,2020.0084441724498,25.916541263885584,3316.4650448832317,36.83500930504937,0.5028786490888836,302.47014421773514,25.866067666304193,0,1
2020-06-25,0.73,2020.0,26.0,3153.0,37.0,0.549063194664973,297.0,24.0,0,1
2020-06-26,0.83,2020.011849019245,26.202080227024048,3022.5259960836747,36.55376854050377,0.502659319687643,291.70429530892386,23.148215510010058,0,1
2020-06-27,0.87,2020.0135609675772,26.344811761830925,2923.3096175170144,36.418175534918255,0.5025507567289536,286.3932545086878,22.815669545089467,0,1
2020-06-28,0.89,2020.0152792658669,26.48751799879623,2855.9286695057644,36.285934113790915,0.5024429282648847,281.13013614456463,23.167376988986526,0,1
2020-06-29,0.93,2020.0170039141128,26.630198937919957,2815.9529497592,36.15704427712178,0.5023358342954363,275.9633075166626,24.090553639688043,0,1
2020-06-30,0.95,2020.0187349123155,26.772854579202118,2776.801244532961,36.03150602491081,0.5022294748206083,271.1829724256306,24.908494285114894,0,1
2020-07-01,0.94,2020.020472260475,26.915484922642708,2734.0433515363197,35.90931935715803,0.5021238498404008,266.8374981715766,25.50841472325387,0,1
2020-07-02,0.93,2020.0,27.0,2688.0,36.0,0.5202828433196874,263.0,26.0,0,1
2020-07-03,0.9,2020.0239660066643,27.20066971599917,2637.7090022318343,35.675000775027044,0.5019148033638475,259.4511321744029,26.054194977668256,0,1
2020-07-04,0.92,2020.0257224046939,27.343224165915043,2584.1325459239893,35.56286886064883,0.5018113818675017,256.41024043128317,26.000054793943654,0,1
2020-07-05,0.92,2020.0274851526804,27.485753317989342,2526.9499018457427,35.4540885307288,0.5017086948657764,253.8042095251415,25.72789440293119,0,1
2020-07-06,0.93,2020.029254250623,27.62825717222207,2469.508097193566,35.348659785266946,0.5016067423586715,251.84524668244637,25.290882510191135,0,1
2020-07-07,0.93,2020.031029698523,27.770735728613225,2431.8892951462813,35.24658262426328,0.5015055243461872,251.8065952620087,25.00803134908515,0,1
2020-07-08,0.95,2020.0328114963795,27.91318898716281,2417.4405229003596,35.14785704771781,0.5014050408283234,253.90046249029686,24.932509625173502,0,1
2020-07-09,1.01,2020.0,28.0,2426.0,36.0,0.5588599752168525,258.0,25.0,1,1
2020-07-10,1.07,2020.0363941419628,28.198019610737262,2458.053067812606,34.96046064800142,0.5012062772764574,264.48575289305086,25.403454488933217,1,1
2020-07-11,1.12,2020.0381949896896,28.34039697576213,2513.114384970774,34.8717898248305,0.5011079972424551,272.9771760675168,25.94992107660459,1,1
2020-07-12,1.17,2020.0400021873731,28.48274904294542,2591.345731930305,34.78647058611777,0.5010104517030733,283.6011178907085,26.70371710147029,1,1
2020-07-13,1.19,2020.0418157350134,28.62507581228715,2690.440331559114,34.704502931863225,0.5009136406583122,295.83532289016136,27.627435296552896,1,1
2020-07-14,1.23,2020.04363563261,28.767377283787297,2796.5575210646903,34.62588686206687,0.5008175641081714,306.546258231087,28.496632059987764,1,1
2020-07-15,1.23,2020.0454618801637,28.909653457445884,2907.3905233149476,34.5506223767287,0.5007222220526513,315.21166844102044,29.273900124797457,1,1
2020-07-16,1.19,2020.0,29.0,3023.0,36.0,0.5245358090185677,322.0,30.0,1,1
2020-07-17,1.17,2020.049133425141,29.194129911238324,3143.203966049507,34.4101481594269,0.5005337414254725,326.40591346791126,30.5526501585413,1,1
2020-07-18,1.14,2020.0509787225647,29.33633019137219,3268.1844065338096,34.34493842746329,0.5004406028538138,328.93474828486853,31.05413212747546,1,1
2020-07-19,1.16,2020.052830369945,29.47850517366448,3397.8806597627927,34.283080279957865,0.5003481987767757,329.41805797083373,31.463685397784435,1,1
2020-07-20,1.17,2020.054688367282,29.620654858115202,3531.500478027942,34.22457371691062,0.500256529194358,328.3308001616552,31.798680865323803,1,1
2020-07-21,1.19,2020.056552714576,29.76277924472435,3664.290375078157,34.16941873832157,0.500165594106561,328.5227206724229,32.16334390522698,1,1
2020-07-22,1.2,2020.058423411827,29.904878333491922,3795.458103204922,34.11761534419069,0.5000753935133845,330.46877713898516,32.575045413349514,1,1
2020-07-23,1.19,2020.0,30.0,3925.0,36.0,0.523226135783563,334.0,33.0,1,1
2020-07-24,1.17,2020.062183856198,30.18900061750236,4052.927052688101,34.0236443075661,0.4998971958108928,339.6232979394931,33.5395638342527,1,1
2020-07-25,1.14,2020.064073603319,30.331023812745222,4179.228274044516,33.980638661597574,0.4998091987015778,346.8317622734389,34.092380747033346,1,1
2020-07-26,1.12,2020.065969700397,30.473021710146508,4303.90732647748,33.94014659661242,0.49972193608688337,355.7943625631792,34.69223612803336,1,1
2020-07-27,1.09,2020.0678721474312,30.614994309706226,4427.915078036238,33.90216811261065,0.49963540796680933,366.096146846962,35.30665313878372,1,1
2020-07-28,1.06,2020.0697809444223,30.75694161142436,4556.9567370162595,33.86670320959225,0.4995496143413559,375.2474033542749,35.74077074847035,1,1
2020-07-29,1.06,2020.0716960913699,30.898863615300936,4691.983171466787,33.83375188755723,0.49946455521052285,382.83318012336565,35.96211211862419,1,1
2020-07-30,1.05,2020.0,31.0,4833.0,36.0,0.5012437810945274,389.0,36.0,1,1
2020-07-31,1.08,2020.0755454351354,31.182631729529362,4979.990366779362,33.775389986437325,0.49929664043271854,393.3082944468813,35.766466140333584,1,1
2020-08-01,1.13,2020.0774796319533,31.32447783988122,5132.97112764141,33.74997940735244,0.4992137847857472,396.19763200130615,35.34947879188913,1,1
2020-08-02,1.17,2020.079420178728,31.466298652391508,5291.936663973964,33.727082409250926,0.4991316636333962,397.5214898175089,34.7197152039119,1,1
2020-08-03,1.19,2020.0813670754594,31.60809416706022,5458.2607842896905,33.70669899213279,0.49905027697566584,397.62562093512093,33.916597619395716,1,1
2020-08-04,1.19,2020.083320322147,31.74986438388736,5640.186339664591,33.688829155998036,0.49896962481255597,398.58454359193,33.176659496303344,1,1
2020-08-05,1.17,2020.0852799187921,31.89160930287293,5839.087138611329,33.673472900846654,0.49888970714406666,400.7440108275673,32.539323077628595,1,1
2020-08-06,1.17,2020.0,32.0,6055.0,34.0,0.5368838901753226,404.0,32.0,1,1
2020-08-07,1.16,2020.0892181619517,32.175023247319345,6287.814467220319,33.65030113349401,0.4987320752909495,408.6645790353268,31.572455353531943,1,1
2020-08-08,1.13,2020.0911968084667,32.316692272780195,6537.640996882572,33.642485621292764,0.4986543611063217,414.42568000744905,31.24292404811004,1,1
2020-08-09,1.14,2020.0931818049385,32.45833600039948,6804.442770116662,33.63718369007489,0.49857738141631447,421.3873255583994,31.01599444710576,1,1
2020-08-10,1.14,2020.095173151367,32.599954430177185,7086.358908669385,33.634395339840395,0.4985011362209277,429.23813682878415,30.88994113243603,1,1
2020-08-11,1.16,2020.0971708477516,32.741547562113325,7372.224143021488,33.63412057058928,0.4984256255201614,436.1098406622389,30.85441159560247,1,1
2020-08-12,1.18,2020.0991748940937,32.883115396207884,7660.177594919765,33.63635938232154,0.49835084931401574,441.69105819936954,30.907680418522002,1,1
2020-08-13,1.17,2020.0,33.0,7950.0,32.0,0.5338961693548387,446.0,31.0,1,1
2020-08-14,1.15,2020.1032020366474,33.16617517087229,8242.34915135484,33.64837774873617,0.4982035003855857,448.98203438465856,31.28061314362036,1,1
2020-08-15,1.12,2020.1052251328597,33.30766711144214,8536.56725589164,33.65815730341856,0.49813092766330164,450.69179303281703,31.60027704579919,1,1
2020-08-16,1.07,2020.1072545790284,33.44913375417042,8832.87357797461,33.670450439084334,0.498059089435638,451.1110653846514,32.008739307731105,1,1
2020-08-17,1.06,2020.1092903751537,33.59057509905712,9122.260882701661,33.68525715573347,0.49798798570259484,450.1791097429676,32.43193026097675,1,1
2020-08-18,1.03,2020.111332521236,33.73199114610226,9350.685760660224,33.70257745336599,0.4979176164641722,447.5314759246016,32.425431894899816,1,1
2020-08-19,0.99,2020.1133810172753,33.87338189530581,9509.1409769482,33.72241133198188,0.49784798172037015,443.1074222323589,31.915174541060903,1,1
2020-08-20,0.97,2020.0,34.0,9598.0,32.0,0.547434554973822,437.0,31.0,1,1
2020-08-21,0.95,2020.1174970592228,34.15608750018822,9616.142424512398,33.7696198321638,0.4977109157166274,428.93005522624406,29.383382870097176,1,1
2020-08-22,0.95,2020.119564605132,34.29740235586706,9564.688655788621,33.796994453729816,0.4976434844566868,419.1767419123719,27.36184855297236,0,1
2020-08-23,0.97,2020.121638500998,34.43869191370433,9443.265225394256,33.826882656279224,0.49757678769136676,407.6470087246231,24.836555248085574,0,1
2020-08-24,0.98,2020.1237187468203,34.579956173700026,9263.452626955359,33.85928443981201,0.49751082542066716,394.94094212731386,21.978478073979787,0,1
2020-08-25,0.98,2020.1258053425995,34.72119513585415,9094.733822228223,33.89419980432816,0.4974455976445882,384.65906090633945,19.81346774191273,0,1
2020-08-26,0.98,2020.1278982883357,34.86240880016671,8948.689304838894,33.931628749827695,0.4973811043631297,377.40145152601576,18.51249937042736,0,1
2020-08-27,0.98,2020.0,35.0,8825.0,32.0,0.530872636135794,373.0,18.0,0,1
2020-08-28,0.98,2020.1321032296773,35.144760235267114,8724.623132073672,34.01402738377689,0.49725432128407415,371.95904828732074,18.5026885092017,0,1
2020-08-29,0.97,2020.1342152252837,35.28589800605495,8646.601476697773,34.05899707222656,0.4971920314864773,373.77425442894946,19.79384601946141,0,1
2020-08-30,0.96,2020.1363335708468,35.42701047900121,8591.254108659687,34.10648034165959,0.49713047618350087,378.61373241122885,21.949045490302804,0,1
2020-08-31,0.98,2020.138458266366,35.56809765410591,8558.971503558383,34.15647719207602,0.4970696553751449,386.0811454157074,24.90336894244832,0,1
2020-09-01,1.01,2020.1405893118426,35.70915953136903,8552.09651498772,34.20898762347581,0.4970095690614096,393.79847253167515,28.267308500232488,0,1
2020-09-02,1.03,2020.1427267072756,35.850196110790584,8571.019618546665,34.26401163585898,0.49695021724229466,401.36937694068047,31.975946184377733,1,1
2020-09-03,1.06,2020.0,36.0,8616.0,33.0,0.5367930029154518,409.0,36.0,1,1
2020-09-04,1.06,2020.1470205480116,36.13219337610897,8686.26010205339,34.38160040357545,0.4968337170879264,416.0719176378038,40.427315931751465,1,1
2020-09-05,1.08,2020.149176993315,36.273154062005815,8782.577482001168,34.44416515890875,0.4967765687526731,423.2035539259218,45.170047994979946,1,1
2020-09-06,1.1,2020.151339788575,36.41408945006107,8904.69295407856,34.509243495225434,0.49672015491204025,430.1887675070773,50.2574781845695,1,1
2020-09-07,1.09,2020.1535089337913,36.554999540274764,9054.835819080443,34.57683541252548,0.49666447556602794,437.56916250840413,55.563064484049114,1,1
2020-09-08,1.1,2020.1556844289648,36.695884332646884,9246.381881776117,34.646940910808915,0.49660953071463615,448.59436369270543,60.32755479459267,1,1
2020-09-09,1.11,2020.1578662740949,36.83674382717743,9481.560442960461,34.71955999007572,0.49655532035786487,463.8059751871148,64.42440709972915,1,1
2020-09-10,1.12,2020.0,37.0,9760.0,35.0,0.5182248764415156,483.0,68.0,1,1
2020-09-11,1.15,2020.1622490142254,37.11838692271381,10082.815060795157,34.87233889155948,0.49644910312818386,506.78842910625815,70.61519769378084,1,1
2020-09-12,1.14,2020.1644499092256,37.25917052371964,10448.89111744551,34.952498713776414,0.4963970962552742,534.5592715309922,72.70913598269607,1,1
2020-09-13,1.15,2020.1666571541828,37.399928826883894,10858.599672584534,35.03517211697674,0.49634582387698495,566.5165242658343,74.13543626620418,1,1
2020-09-14,1.15,2020.1688707490962,37.540661832206595,11298.81681253768,35.120359101160425,0.49629528599331624,601.6965885628381,75.05922264510225,1,1
2020-09-15,1.14,2020.1710906939666,37.6813695396877,11690.79905525766,35.20805966632749,0.49624548260426815,634.3178719343255,76.4712397241723,1,1
2020-09-16,1.12,2020.1733169887939,37.822051949327246,12021.422487069918,35.298273812477944,0.4961964137098404,663.4167756323496,78.53661160421133,1,1
2020-09-17,1.07,2020.0,38.0,12291.0,36.0,0.5114796960535991,689.0,81.0,1,1
2020-09-18,1.03,2020.1777886283182,38.103340875081614,12498.592917971286,35.48624284772897,0.49610047940484664,711.0474440080092,84.62741976719633,1,1
2020-09-19,1.01,2020.180033973016,38.24394739119644,12645.139917060395,35.583997736829545,0.4960536139942806,729.5792086856445,88.65285605014232,1,1
2020-09-20,1.01,2020.1822856676697,38.3845286094697,12730.32810524178,35.6842662069135,0.496007483078335,744.5885936898169,93.33164713405728,1,1
2020-09-21,1.02,2020.1845437122804,38.52508452990138,12766.408472946558,35.78704825798083,0.4959620866570099,756.2822893383151,98.46062303785132,1,1
2020-09-22,1.04,2020.1868081068478,38.6656151524915,12826.886962761362,35.89234389003155,0.4959174247303053,765.9004375378734,102.82076387498509,1,1
2020-09-23,1.06,2020.189078851372,38.80612047724004,12924.01456511729,36.00015310306562,0.4958734972982212,773.6497286062802,106.20889966436863,1,1
2020-09-24,1.09,2020.0,39.0,13058.0,37.0,0.5159627663666436,780.0,109.0,1,1
2020-09-25,1.11,2020.1936393902906,39.087055233212396,13228.217107452534,36.22331227208393,0.49578784591791475,783.5417393496407,110.06915609988506,1,1
2020-09-26,1.12,2020.1959291846852,39.22748466443622,13435.29204743185,36.338662228068145,0.49574612196969225,785.6844590245944,110.54127674601799,1,1
2020-09-27,1.12,2020.1982253290362,39.367888797818466,13679.016099952294,36.456525765035735,0.4957051325160903,785.9583215683966,110.04139234440066,1,1
2020-09-28,1.13,2020.2005278233441,39.508267633359154,13977.808545234162,36.5769028829867,0.4956648775571088,786.8665372552864,109.06312052927997,1,1
2020-09-29,1.15,2020.2028366676086,39.64862117105825,14442.185064599207,36.69979358192106,0.4956253570927478,803.428367730695,110.56816710613667,1,1
2020-09-30,1.19,2020.20515186183,39.78894941091579,15090.56493826772,36.825197861838774,0.4955865711230074,838.1470232688605,115.05014970921756,1,1
2020-10-01,1.23,2020.0,40.0,15922.0,38.0,0.5189291338582677,890.0,122.0,1,1
2020-10-02,1.28,2020.2098013001425,40.069529997106144,16939.33474851516,37.08240638280474,0.4955112026673881,962.0548095334632,132.94492299405198,1,1
2020-10-03,1.31,2020.2121355442341,40.20978234343897,18139.724685094086,37.21192906021378,0.49547462018150923,1051.2439402599005,146.35771367580548,1,1
2020-10-04,1.36,2020.2144761382822,40.350009391930215,19524.11797597648,37.34168375496698,0.4954387721902508,1158.5898960490945,162.74744038378316,1,1
2020-10-05,1.38,2020.216823082287,40.49021114257989,21076.326040548047,37.47167046706435,0.4954036586936129,1280.8902974314435,181.83427497024292,1,1
2020-10-06,1.39,2020.2191763762485,40.63038759538799,22699.217395123,37.60188919650588,0.49536927969159567,1398.9308675893317,201.93924854873165,1,1
2020-10-07,1.38,2020.2215360201674,40.77053875035452,24376.603459087033,37.73233994329158,0.4953356351841988,1509.5092270531563,222.7825329715072,1,1
2020-10-08,1.35,2020.0,41.0,26110.0,39.0,0.5098114511731501,1614.0,245.0,1,1
2020-10-09,1.32,2020.2262743578742,41.05076516676287,27894.85971518234,37.993937488895476,0.4952705496532668,1708.2793138986158,266.6840343499188,1,1
2020-10-10,1.29,2020.2286530516626,41.19084042820469,29735.729907313616,38.12508428771366,0.49523910862973153,1796.4710412802506,289.7422513055549,1,1
2020-10-11,1.3,2020.2310380954075,41.33089039180493,31631.094808833972,38.25646310387602,0.49520840210081674,1877.2005579678216,313.5387791054777,1,1
2020-10-12,1.31,2020.2334294891098,41.470915057563595,33627.96579332272,38.38807393738254,0.49517843006652246,1955.27764238587,339.0380950401459,1,1
2020-10-13,1.34,2020.2358272327685,41.6109144254807,36008.411102255704,38.51991678823324,0.49514919252684886,2059.560965081641,372.0270628523102,1,1
2020-10-14,1.37,2020.2382313263838,41.750888495556225,38819.44210921222,38.651991656428095,0.4951206894817956,2194.860304479674,413.4701598324292,1,1
2020-10-15,1.38,2020.0,42.0,42060.0,39.0,0.5082002435006804,2360.0,463.0,1,1
2020-10-16,1.37,2020.2430585634847,42.030760742182565,45733.26121719586,38.9168374448503,0.49506588687555075,2558.5070333825292,521.7187412965311,1,1
2020-10-17,1.38,2020.2454817069702,42.17065891873337,49836.049318222984,39.04960836507765,0.49503958731435904,2786.8544228873516,588.5242257805139,1,1
2020-10-18,1.4,2020.2479112004125,42.310531797442614,54369.42311727365,39.182611302649164,0.4950140222477879,3046.2178290944357,663.7838394324514,1,1
2020-10-19,1.42,2020.2503470438114,42.450379378310274,59293.64574289037,39.31584625756484,0.49498919167583727,3332.5125001476854,746.708181833719,1,1
2020-10-20,1.44,2020.2527892371672,42.59020166133638,64370.29596632827,39.449313229824696,0.49496509559850727,3621.2299249105176,832.5608504725695,1,1
2020-10-21,1.43,2020.2552377804798,42.7299986465209,69559.63691612986,39.5830122194287,0.49494173401579755,3908.285351526833,920.552444930378,1,1
2020-10-22,1.39,2020.0,43.0,74861.0,40.0,0.5015021459227468,4194.0,1010.0,1,1
2020-10-23,1.34,2020.260153916975,43.00951672336522,80276.39099482416,39.851106250669226,0.49489721433424,4477.410210319918,1102.95241130287,1,1
2020-10-24,1.29,2020.2626215101575,43.14923781502503,85803.80412371687,39.985501292305734,0.49487605623539194,4759.479642496688,1197.3607832175535,1,1
2020-10-25,1.26,2020.265095453297,43.288933608843266,91443.90797897326,40.12012835128641,0.49485563263116444,5039.88707652694,1293.9080809511947,1,1
2020-10-26,1.21,2020.2675757463933,43.42860410481993,97112.72761444721,40.25498742761125,0.49483594352155746,5315.870634009779,1390.895572469907,1,1
2020-10-27,1.17,2020.270062389446,43.568249302955024,102306.41335326176,40.39007852128025,0.494816988906571,5570.859044539817,1478.1308655703656,1,1
2020-10-28,1.13,2020.2725553824555,43.70786920324854,106940.99024927072,40.525401632293416,0.494798768786205,5802.090429716149,1553.9152282186826,1,2
2020-10-29,1.09,2020.0,44.0,111018.0,41.0,0.4970078854214762,6010.0,1620.0,1,2
2020-10-30,1.06,2020.2775604183444,43.98703311031087,114532.81751287194,40.79674390635225,0.49476453202933457,6193.28212400771,1671.1311621588934,1,2
2020-10-31,1.04,2020.2800724612243,44.12657711707966,117490.06788046422,40.93276306939791,0.4947485153928301,6353.242433122938,1712.5627334507867,1,2
2020-11-01,1.04,2020.2825908540606,44.2660958260069,119888.2094052509,41.06901424978774,0.4947332332509462,6489.445716884462,1742.5433742905386,1,2
2020-11-02,1.03,2020.285115596854,44.405589237092556,121764.88793706232,41.205497447521736,0.4947186856036829,6604.662152448279,1763.9415738907326,1,2
2020-11-03,1.03,2020.2876466896037,44.54505735033664,123345.97857488014,41.3422126625999,0.49470487245103995,6715.512802750358,1793.9682675268657,1,2
2020-11-04,1.02,2020.2901841323103,44.68450016573916,124669.12716853464,41.47915989502223,0.4946917937930176,6824.767844946688,1835.4919444115199,1,2
2020-11-05,0.99,2020.0,45.0,125734.0,41.0,0.4909242311418574,6932.0,1887.0,1,2
2020-11-06,0.98,2020.2952780675937,44.96330990301947,126541.59822335372,41.753750411899375,0.49466783996083447,7038.491105022113,1953.030247926395,1,2
2020-11-07,0.97,2020.29783456017,45.102676824897266,127090.92068451829,41.8913936963542,0.49465696478667354,7142.959322901207,2029.0448745566155,1,2
2020-11-08,0.96,2020.3003974027038,45.2420184489335,127382.30110151955,42.029268998153185,0.4946468241071333,7245.831932674553,2116.556484435357,1,2
2020-11-09,0.96,2020.3029665951944,45.381334775128146,127452.5511175511,42.167376317296345,0.4946374179222136,7346.938403771993,2214.289533044264,1,2
2020-11-10,0.97,2020.3055421376412,45.52062580348124,127522.5405917748,42.30571565378365,0.4946287462319143,7445.255552772549,2314.5907532731935,1,2
2020-11-11,0.99,2020.3081240300448,45.65989153399275,127629.08116738418,42.444287007615145,0.4946208090362355,7540.612849106058,2416.184600603789,1,2
2020-11-12,1.02,2020.0,46.0,127771.0,42.0,0.48437512327124405,7633.0,2519.0,1,2
2020-11-13,1.04,2020.313306864722,45.938347101491054,127951.81562276011,42.7221257673106,0.49460713812873963,7722.447883771941,2623.2501765699762,1,2
2020-11-14,1.05,2020.3159078069962,46.07753693847785,128168.00950252666,42.861393173174584,0.49460140441692235,7808.9256221043115,2728.721905205569,1,2
2020-11-15,1.05,2020.3185150992263,46.21670147762307,128420.7544836789,43.00089259638272,0.4945964051997257,7892.443507769636,2835.4862609428264,1,2
2020-11-16,1.04,2020.321128741414,46.35584071892672,128680.67228325018,43.14062403693503,0.4945921404771496,7972.244440492308,2942.0348938176417,1,2
2020-11-17,1.04,2020.3237487335575,46.4949546623888,128771.4932034402,43.280587494831515,0.49458861024919387,8043.785818618675,3039.3177040453647,1,2
2020-11-18,1.02,2020.3263750756582,46.6340433080093,128663.8389612822,43.420782970072146,0.49458581451585876,8106.310541873125,3125.826341661885,0,2
2020-11-19,1.0,2020.0,47.0,128359.0,43.0,0.4740488768360165,8160.0,3203.0,0,2
2020-11-20,0.98,2020.33164680973,46.9121447057256,127853.10498992229,43.701869972585925,0.49458242653305007,8204.310023766284,3266.521099061324,0,2
2020-11-21,0.95,2020.3342922017007,47.0511574578214,127150.02526072034,43.842761499859066,0.49458183428357644,8239.78478240499,3320.7072188442417,0,2
2020-11-22,0.94,2020.3369439436285,47.19014491207562,126248.47036917039,43.98388504447636,0.4945819765287234,8266.242886171782,3364.1191660159575,0,2
2020-11-23,0.94,2020.339602035513,47.329107068488256,125200.06164485912,44.12524060643783,0.4945828532684909,8286.252180977586,3399.780182221287,0,2
2020-11-24,0.94,2020.3422664773539,47.468043927059334,124314.52706530639,44.26682818574346,0.49458446450287874,8315.21974228797,3445.8297173291176,0,2
2020-11-25,0.94,2020.3449372691516,47.60695548778884,123643.48796009875,44.40864778239327,0.4945868102318873,8355.713416013856,3505.2910129842626,0,2
2020-11-26,0.96,2020.0,48.0,123187.0,44.0,0.4652463164768785,8408.0,3577.0,0,2
2020-11-27,0.98,2020.3502979026173,47.88470271572313,122944.89617271893,44.69298302772535,0.4945937051737658,8471.27910071214,3664.4488859364983,0,2
2020-11-28,1.0,2020.3529877442852,48.02353838292791,122917.34349054674,44.83549867640764,0.49459825438663585,8546.351111684538,3764.145463233589,0,2
2020-11-29,1.03,2020.3556839359098,48.16234875229113,123104.28628271967,44.978246342434105,0.4946035380941263,8632.94923507244,3877.2538010779936,1,2
2020-11-30,1.07,2020.3583864774912,48.301133823812776,123553.93361871534,45.12122602580472,0.4946095562962374,8734.069856588963,4003.4627046321903,1,2
2020-12-01,1.09,2020.3610953690295,48.43989359749284,124555.53991539917,45.2644377265195,0.49461630899296904,8867.691290512817,4140.905004871032,1,2
2020-12-02,1.12,2020.3638106105243,48.57862807333134,126157.3142422487,45.407881444578464,0.4946237961843211,9036.809922557113,4289.2695069569945,1,2
2020-12-03,1.14,2020.0,49.0,128359.0,45.0,0.4590264216643531,9241.0,4449.0,1,2
2020-12-04,1.15,2020.3692601433845,48.917613378560816,131161.36698644498,45.69312969214187,0.4946409740508868,9481.538781007039,4618.765116670283,1,2
2020-12-05,1.16,2020.371994434749,49.24104870210619,134563.64540379168,45.83026374047235,0.4946506647261004,9757.14900741267,4799.896224297609,1,2
2020-12-06,1.16,2020.374735076071,49.68764322196441,138566.09185130408,45.962959324972985,0.49466108989593466,10068.256431938746,4991.949533772054,1,2
2020-12-07,1.15,2020.3774820673493,50.25739693813544,143081.27586042398,46.091216445643816,0.49467224956038924,10408.523027889321,5192.120564902013,1,2
2020-12-08,1.15,2020.3802354085844,50.9503098506193,147584.61461980175,46.215035102484805,0.49468414371946445,10739.92063508872,5383.582436537843,1,2
2020-12-09,1.13,2020.3829950997765,51.766381959415995,151988.67766087913,46.33441529549598,0.49469677237316023,11056.111226840994,5563.530668487932,1,2
2020-12-10,1.11,2020.0,50.0,156290.0,46.0,0.45366955648664825,11356.0,5730.0,1,2
2020-12-11,1.09,2020.3885335320304,53.46924109280448,160498.97658813262,46.55986029002886,0.49472423316441316,11642.871364004173,5888.886213330898,1,2
2020-12-12,1.07,2020.3913122730924,53.75850277110956,164605.2124743088,46.665925091550555,0.4947390653019704,11913.440909415076,6034.293526223772,1,2
2020-12-13,1.05,2020.3940973641113,53.57339829944072,168612.17264218448,46.76755142924244,0.49475463193414826,12168.803439378857,6168.187199430908,1,3
2020-12-14,1.04,2020.3968888050865,52.913927677797965,172337.55454824347,46.864739303104486,0.4947709330609465,12400.646702719148,6286.907008290057,1,3
2020-12-15,1.03,2020.399686596019,51.78009090618131,174687.54293138752,46.95748871313672,0.4947879686823653,12559.097192377754,6368.491604827732,1,3
2020-12-16,1.01,2020.402490736908,50.17188798459073,175479.83524810013,47.04579965933913,0.4948057387984046,12635.8426571783,6409.280764381682,1,3
2020-12-17,0.99,2020.0,51.0,174721.0,46.0,0.45164409501389985,12634.0,6414.0,0,3
2020-12-18,0.97,2020.4081180685562,46.24673237327738,172391.33168223134,47.20910616025447,0.49484348251434485,12544.218512205229,6368.472772538411,0,3
2020-12-19,0.96,2020.4109412593152,45.358477047133626,168510.53579964992,47.2841017149674,0.4948634561142457,12375.848902431611,6286.875621141189,0,3
2020-12-20,0.94,2020.4137708000312,45.42455293459497,163072.0438506371,47.35465880585053,0.49488416420876713,12125.774267799938,6164.483032760243,0,3
2020-12-21,0.91,2020.4166066907032,46.44496003566144,156345.54367031375,47.42077743290382,0.49490560679790896,11810.698014672435,6009.719526536308,0,3
2020-12-22,0.88,2020.4194489313327,48.41969835033302,149949.16226940483,47.48245759612728,0.49492778388167136,11530.840581222468,5873.132217313785,0,3
2020-12-23,0.85,2020.422297521919,51.34876787860971,144152.5874830311,47.53969929552092,0.4949506954600543,11302.90537381226,5763.145624233405,0,3
2020-12-24,0.83,2020.0,52.0,138954.0,48.0,0.4447524609148813,11124.0,5675.0,0,3
2020-12-25,0.83,2020.4280137529609,58.85298629548804,134358.85775388923,47.64086730281873,0.49499872210068174,11002.801637111123,5622.974586499078,0,3
2020-12-26,0.86,2020.4308813934176,60.994306623108876,130361.70281112111,47.684793610722906,0.4950238371629263,10930.633107820195,5592.790141845132,0,3
2020-12-27,0.89,2020.4337553838302,61.65612960335401,126964.35448288819,47.72428145479726,0.49504968671979127,10910.386804569025,5589.206413333329,0,3
2020-12-28,0.93,2020.4366357242,60.83845523622347,124242.4151897852,47.75933083504178,0.4950762707712767,10936.2847350178,5608.75813327104,0,3
2020-12-29,0.95,2020.4395224145264,58.541283521717226,122649.49945538047,47.78994175145649,0.49510358931738285,10973.658945127618,5630.653695502474,0,3
2020-12-30,0.95,2020.4424154548092,54.76461445983529,122261.2097002687,47.816114204041355,0.49513164235810936,11016.731442558656,5651.427832335001,0,3
2020-12-31,0.95,2020.0,53.0,123070.0,49.0,0.44090024052227694,11066.0,5673.0,1,3
2021-01-01,0.97,2020.4482205852455,43.44936845496436,125098.50812792395,47.855143717721646,0.495189951923424,11119.971299384415,5689.611829803327,1,3
2021-01-02,0.98,2020.451132675399,37.26395983401531,128324.09631069102,47.86800077881705,0.49522020844801207,11180.138658779131,5707.021690439127,1,3
2021-01-03,0.99,2020.454051115509,30.952222187730538,132754.31047275104,47.876419376082644,0.49525119946722074,11246.004305495071,5723.310125676018,1,3
2021-01-04,0.99,2020.4569759055755,24.514155516110048,138040.3353452431,47.8803995095184,0.4952829249810498,11311.3653608502,5736.54976852553,1,3
2021-01-05,1.0,2020.459907045599,17.949759819153837,142089.27931500203,47.87994117912434,0.49531538498949945,11339.00455275231,5735.176417056837,1,3
2021-01-06,1.01,2020.4628445355793,11.259035096861894,144552.3271131669,47.87504438490045,0.49534857949256966,11322.719002519358,5717.262704281462,1,3
2021-01-07,1.02,2021.0,1.0,145441.0,48.0,0.450317475687864,11264.0,5683.0,1,3
2021-01-08,1.0,2020.4687385654092,-1.5680474418757204,144720.73419471434,47.85193540496321,0.49541717198257146,11158.373675648272,5631.814194810674,0,3
2021-01-09,0.96,2020.4716951052599,-5.837697294614561,142426.093478097,47.83372321924985,0.49545256996950326,11010.313899010143,5564.279398115261,0,3
2021-01-10,0.91,2020.474657995067,-8.366968208982271,138545.55658988553,47.81107256970666,0.4954887024510555,10818.329380236948,5480.2042401131675,0,3
2021-01-11,0.88,2020.4776272348304,-9.155860184978861,133319.07398109243,47.783983456333665,0.49552556942722825,10589.822513554258,5380.767407942356,0,3
2021-01-12,0.88,2020.4806028245512,-8.204373222604332,128186.34835779203,47.75245587913083,0.4955631708980215,10369.207664315416,5273.041024430584,0,3
2021-01-13,0.88,2020.4835847642285,-5.512507321858673,123387.3301709967,47.716489838098184,0.4956015068634353,10163.887226745976,5158.203776715811,0,3
2021-01-14,0.9,2021.0,2.0,118914.0,48.0,0.45348827367904326,9972.0,5036.0,0,3
2021-01-15,0.92,2020.489567693453,3.60201423029036,114790.41610692136,47.6312423645434,0.49568038227812433,9799.129586615316,4907.196688677259,0,3
2021-01-16,0.93,2020.4925686830006,7.043975752782454,110992.52022964132,47.581960932021296,0.49572092172739973,9639.692384054097,4771.026848353482,0,3
2021-01-17,0.94,2020.4955760225043,9.245622084734379,107528.33178886637,47.52824103566934,0.4957621956712955,9495.54959316228,4627.746143826704,0,3
2021-01-18,0.94,2020.498589711965,10.206953226146139,104367.42199093268,47.470082675487575,0.4958042041098119,9363.34542954496,4478.407900986471,0,3
2021-01-19,0.94,2020.5016097513826,9.927969177017735,101327.21807385712,47.407485851475975,0.4958469470429488,9222.945186832658,4329.3320751700585,0,3
2021-01-20,0.94,2020.5046361407572,8.408669937349162,98377.2912439758,47.340450563634555,0.4958904244707062,9070.993080630458,4181.571992267012,0,3
2021-01-21,0.93,2021.0,3.0,95521.0,48.0,0.4575211552224982,8909.0,4035.0,0,3
2021-01-22,0.93,2020.5107079693757,2.6708403385707693,92748.26884579597,47.19306459646226,0.4959795828100825,8732.43327775638,3889.9990552010204,0,3
2021-01-23,0.92,2020.5137534086202,0.49573888381943054,90069.1732774975,47.11271391713137,0.4960252637217014,8545.825581084497,3746.1862010380746,0,3
2021-01-24,0.91,2020.5168051978212,-0.8762488571135867,87480.35479639324,47.02792477397066,0.4960716791279408,8347.66602092272,3603.689089788495,0,3
2021-01-25,0.9,2020.5198633369791,-1.4451228842282848,84983.6894429286,46.93869716698013,0.4961188290288008,8140.810514030543,3462.713745255268,0,3
2021-01-26,0.88,2020.522927826094,-1.2108831975246628,82590.43345977561,46.845031096159765,0.4961667134242814,7942.394560964949,3324.4963102563024,0,3
2021-01-27,0.88,2020.525998665165,-0.17352979700271964,80302.46288737957,46.74692656150958,0.4962153323143823,7755.274078485428,3189.2428085945844,0,3
2021-01-28,0.89,2021.0,4.0,78118.0,48.0,0.46273092162815826,7578.0,3057.0,0,3
2021-01-29,0.89,2020.5321593931776,3.7007044866716488,76042.3779748584,46.53740210071976,0.4963147735784459,7414.919525284611,2927.6276052828894,0,3
2021-01-30,0.9,2020.5352492821196,5.317958052175123,74070.26363473326,46.4259821745801,0.4963655959524085,7261.685454563317,2801.265903632913,0,3
2021-01-31,0.89,2020.5383455210176,6.518698013847964,72203.43470536507,46.310123784610624,0.4964171528209915,7119.746854428095,2677.868135320183,0,3
2021-02-01,0.89,2020.5414481098724,7.302924371690173,70416.82564867783,46.18982693081133,0.4964694441841951,6986.00768602408,2557.73491213944,0,3
2021-02-02,0.9,2020.5445570486845,7.670637125701749,68560.04323621535,46.065091613182204,0.4965224700420192,6841.8917162220505,2442.6699048591217,0,3
2021-02-03,0.89,2020.5476723374527,7.621836275882691,66608.02192990165,45.93591783172326,0.49657623039446386,6684.302906167136,2332.9737252739674,0,3
2021-02-04,0.89,2021.0,5.0,64563.0,46.0,0.47306098283007697,6515.0,2229.0,0,3
2021-02-05,0.89,2020.5539219648595,6.543203302768691,62418.26263572045,45.6642548773159,0.4966859545832146,6328.70676529865,2129.68784918915,0,3
2021-02-06,0.89,2020.557056303498,6.050390255505769,60180.52464785297,45.52176570436747,0.49674191841952076,6130.699434485078,2036.098152689487,0,3
2021-02-07,0.88,2020.5601969920936,5.678082680444235,57847.54776613423,45.37483806758924,0.4967986167504475,5919.219263418621,1947.8772838849877,0,3
2021-02-08,0.88,2020.5633440306456,5.426280577584088,55485.29160429041,45.22347196698117,0.4968560495759947,5700.516076210791,1865.4977772429652,0,3
2021-02-09,0.88,2020.5664974191545,5.294983946925332,53489.51384467837,45.06766740254328,0.49691421689616244,5512.088817530645,1791.794839567293,0,3
2021-02-10,0.89,2020.5696571576195,5.284192788467964,51926.17410102424,44.90742437427557,0.49697311871095057,5360.187311489693,1727.2410053252834,0,3
2021-02-11,0.91,2021.0,6.0,50793.0,45.0,0.48324459135804915,5243.0,1671.0,0,3
2021-02-12,0.94,2020.5759956844208,5.563624664027149,50096.8086615898,44.576642514227856,0.4970931258243887,5165.961557325375,1625.580647142252,0,3
2021-02-13,0.97,2020.5791744727567,5.732843249783219,49830.78296580947,44.4121428584022,0.49715423112303847,5123.637309202008,1588.4741232012304,0,3
2021-02-14,0.99,2020.5823596110488,5.901562859480191,49997.195285987065,44.24924391470108,0.49721607091630876,5117.838813717835,1560.5167026938711,1,3
2021-02-15,1.01,2020.5855510992978,6.069783493118066,50543.12520925871,44.087945683124495,0.49727864520419957,5142.546523320567,1540.1562877473502,1,3
2021-02-16,1.03,2020.5887489375036,6.237505150696841,51151.050258441144,43.928248163672436,0.4973419539867109,5161.643152696455,1518.0802911247213,1,3
2021-02-17,1.05,2020.591953125666,6.404727832216522,51768.050020670446,43.77015135634491,0.4974059972638427,5169.109154293207,1492.7366149531586,1,3
2021-02-18,1.06,2021.0,7.0,52395.0,44.0,0.4909024675498974,5166.0,1465.0,1,3
2021-02-19,1.07,2020.5983805518613,6.737676267078591,53029.27368426975,43.45875987806345,0.49753628730196797,5149.149274149306,1432.246223963235,1,3
2021-02-20,1.06,2020.601603789894,6.903402020420978,53673.497585639736,43.305465207109506,0.4976025340629614,5121.723392408653,1397.0995091448735,1,3
2021-02-21,1.05,2020.604833377883,7.068628797704269,54326.79620005661,43.15377124828011,0.4976695153185753,5082.666882888863,1358.6851147775792,1,3
2021-02-22,1.04,2020.6080693158297,7.233356598928464,54975.21878731493,43.003678001575224,0.49773723106880974,5032.8526148023775,1317.697338313873,1,3
2021-02-23,1.02,2020.6113116037325,7.397585424093561,55535.06090618204,42.85518546699489,0.4978056813136647,4977.517803423825,1278.301964468881,1,3
2021-02-24,1.01,2020.6145602415918,7.561315273199561,55992.37181645248,42.708293644539076,0.49787486605314013,4917.535317965642,1241.1932906951236,1,3
2021-02-25,1.01,2021.0,8.0,56348.0,42.0,0.4963757146164669,4853.0,1206.0,1,3
2021-02-26,1.0,2020.6210765671813,7.887278043234269,56599.40001120337,42.41931213600105,0.49801543901595263,4783.627324810387,1173.8360433613148,1,3
2021-02-27,1.0,2020.6243442549112,8.049510964162977,56749.11729568383,42.277222449918824,0.49808682723928965,4709.701817113315,1143.5874698012633,1,3
2021-02-28,1.02,2020.6276182925976,8.211244909032587,56796.30337156761,42.13673347596113,0.4981589499572471,4631.128635336612,1115.6255963124465,1,3
2021-03-01,1.02,2020.6308986802408,8.372479877843102,56789.97516329194,41.99784521412797,0.4982318071698252,4551.466967574959,1090.2651725621529,0,3
2021-03-02,1.04,2020.6341854178406,8.533215870594516,57024.23421748016,41.860557664419346,0.49830539887702374,4492.0719423964265,1069.3946965541072,1,3
2021-03-03,1.05,2020.6374785053972,8.693452887286835,57548.097458569435,41.72487082683524,0.4983797250788428,4456.502747895689,1053.3289179555977,1,1
2021-03-04,1.06,2021.0,9.0,58360.0,40.0,0.5061567035839581,4444.0,1042.0,1,1
2021-03-05,1.08,2020.6440837303808,9.012429992494182,59464.63650145123,41.458299288040635,0.49853058096634256,4456.841850927609,1035.611452987186,1,1
2021-03-06,1.1,2020.6473958678073,9.17117008100921,60857.312303243736,41.32741458683012,0.4986071106520231,4492.750148460265,1033.959766617284,1,1
2021-03-07,1.12,2020.650714355191,9.329411193465143,62539.592291937326,41.198130597744154,0.4986843748323243,4552.484276670718,1037.1127776569176,1,1
2021-03-08,1.14,2020.6540391925314,9.487153329861975,64493.59928987101,41.07044732078271,0.49876237350724595,4633.704111283766,1044.8051192078183,1,1
2021-03-09,1.15,2020.6573703798283,9.64439649019971,66612.07023107896,40.9443647559458,0.49884110667678816,4722.36890664819,1055.4445898803717,1,1
2021-03-10,1.17,2020.660707917082,9.801140674478349,68877.1279379002,40.81988290323342,0.49892057434095083,4816.138538488786,1068.765822776309,1,1
2021-03-11,1.17,2021.0,10.0,71291.0,39.0,0.5016126533429106,4916.0,1085.0,1,1
2021-03-12,1.17,2020.6674020414598,10.113132114858335,73847.0036483825,40.57572133418224,0.4990817131531378,5018.992311598498,1103.453575238335,1,1
2021-03-13,1.17,2020.6707586285834,10.268379370959682,76551.82165204355,40.45604161784345,0.499163384301162,5128.076452867614,1124.8200948044237,1,1
2021-03-14,1.17,2020.6741215656643,10.423127651001932,79403.2264213179,40.33796261362919,0.49924578994380675,5242.265430612901,1148.8683765938963,1,1
2021-03-15,1.17,2020.6774908527016,10.577376954985086,82407.27168881628,40.22148432153945,0.49932893008107204,5362.322780213977,1175.4862591332544,1,1
2021-03-16,1.17,2020.6808664896957,10.73112728290914,85600.27985020325,40.106606741574254,0.49941280471295785,5492.829713948533,1204.000773581511,1,1
2021-03-17,1.16,2020.6842484766462,10.8843786347741,88988.30463808952,39.99332987373359,0.49949741383946406,5634.549767196184,1234.299758465167,1,1
2021-03-18,1.14,2021.0,11.0,92567.0,39.0,0.5036174113002072,5786.0,1266.0,1,1
2021-03-19,1.13,2020.691031500418,11.189384410326726,96349.40409336003,39.77157827442584,0.4996688355763383,5951.629232230767,1300.2511395386803,1,1
2021-03-20,1.13,2020.6944325372388,11.341138834014393,100322.4787607443,39.663103542958766,0.49975564818670615,6126.9886440177,1335.903535728537,1,1
2021-03-21,1.13,2020.6978399240165,11.492394281642962,104490.57005462785,39.55622952361622,0.4998431952916945,6313.561175317727,1373.3404023537933,1,1
2021-03-22,1.14,2020.7012536607508,11.643150753212435,108713.90362017152,39.450956216398204,0.49993147689130346,6505.589792846599,1411.7384588472428,1,1
2021-03-23,1.13,2020.704673747442,11.79340824872281,112153.83332833987,39.34728362130472,0.5000204929855327,6668.532296898807,1446.1580218056438,1,1
2021-03-24,1.12,2020.7081001840897,11.943166768174086,114670.58482429365,39.24521173833577,0.5001102435743827,6796.631654190096,1475.7758106617885,1,1
2021-03-25,1.1,2021.0,12.0,116270.0,38.0,0.5076827403933356,6892.0,1501.0,1,1
2021-03-26,1.06,2020.7149721072558,12.241186878899354,116934.55317955751,39.045870108771446,0.5002919482359441,6948.300928489925,1520.6060660673102,1,1
2021-03-27,1.03,2020.7184175937737,12.389448470173338,116681.77003886762,38.94860036217609,0.5003839023086556,6971.870845498464,1535.8185326166874,0,1
2021-03-28,1.0,2020.7218694302485,12.537211085388227,115505.80868596314,38.85293132770526,0.5004765908759876,6960.597615746087,1546.2292250638084,0,1
2021-03-29,0.98,2020.7253276166798,12.684474724544021,113580.75707652535,38.758863005358954,0.5005700139379401,6921.932871212493,1552.2725985009574,0,1
2021-03-30,0.96,2020.7287921530683,12.831239387640716,111951.14294464163,38.66639539513719,0.500664171494513,6900.5864037758765,1556.5553834818415,0,1
2021-03-31,0.96,2020.7322630394128,12.977505074678312,110791.05424599317,38.57552849703995,0.5007590635457067,6904.009845415934,1559.5120350987436,0,1
2021-04-01,0.96,2021.0,13.0,110097.0,39.0,0.5116007481410519,6930.0,1561.0,0,1
2021-04-02,0.96,2020.7392238619727,13.268539520576219,109879.45314840219,38.39859683721907,0.5009510511319553,6985.166455926077,1561.4469382406028,0,1
2021-04-03,0.98,2020.742713798188,13.413308279436524,110127.94074945964,38.31253207549541,0.5010481466670104,7062.899624796161,1560.4251897655608,1,1
2021-04-04,0.97,2020.7462100843595,13.557578062237733,110845.95378375234,38.228068025896306,0.5011459766966859,7165.40270274292,1558.0773079265364,1,1
2021-04-05,1.0,2020.7497127204883,13.701348868979842,112029.82535994629,38.14520468842171,0.501244541220982,7287.572502132896,1554.7816629626004,1,1
2021-04-06,1.03,2020.7532217065732,13.844620699662858,113657.554130037,38.06394206307166,0.5013438402398986,7398.789897165325,1552.8084763081692,1,1
2021-04-07,1.06,2020.7567370426152,13.987393554286776,115725.47320269034,37.984280149846136,0.5014438737534357,7493.951700206744,1552.5361182023123,1,1
2021-04-08,1.11,2021.0,14.0,118233.0,39.0,0.5073451319914696,7575.0,1554.0,1,1
2021-04-09,1.12,2020.7637867645697,14.271442335357321,121181.88225568505,37.82975845976868,0.5016461442643716,7636.108530316561,1557.0938876363214,1,1
2021-04-10,1.12,2020.7673211504814,14.412718261803946,124570.3722360264,37.754898682916746,0.5017483812617702,7683.103557384959,1561.9240151761876,1,1
2021-04-11,1.14,2020.7708618863503,14.553495212191473,128399.05251893037,37.681639618189344,0.5018513527537896,7714.042992462346,1568.4549712646276,1,1
2021-04-12,1.12,2020.774408972176,14.693773186519905,132543.22613636052,37.60998126558647,0.5019550587404292,7731.900544333856,1576.397973009606,1,1
2021-04-13,1.09,2020.777962407958,14.833552184789239,136254.71128009766,37.53992362510813,0.5020594992216895,7754.51846571026,1584.0203230589032,1,1
2021-04-14,1.06,2020.7815221936971,14.972832206999477,139408.81098210523,37.47146669675433,0.5021646741975703,7784.8704653766845,1591.0332385204817,1,1
2021-04-15,1.02,2021.0,15.0,142007.0,38.0,0.5095768090510928,7821.0,1597.0,1,1
2021-04-16,1.01,2020.7886608150457,15.250174458414676,144044.85406093183,37.33854622225485,0.5023772276331934,7868.7766995796,1603.2307656804862,1,1
2021-04-17,1.02,2020.7922396506547,15.38879495796367,145526.79743775085,37.272465167778286,0.5024846060929355,7922.33093411609,1608.4153773789117,1,1
2021-04-18,1.03,2020.7958248362208,15.527474751797602,146451.35537284028,37.20636731709537,0.5025927190472985,7983.619246942601,1612.9905544896187,1,1
2021-04-19,1.03,2020.7994163717433,15.666213839916471,146822.1930169662,37.14025267020609,0.5027015664962818,8046.393634416092,1616.0153587078228,1,1
2021-04-20,1.04,2020.8030142572225,15.805012222320274,146661.3012747246,37.07412122711044,0.5028111484398856,8073.166074678302,1611.8441602048104,0,1
2021-04-21,1.02,2020.8066184926588,15.943869899009018,145972.34529688142,37.00797298780844,0.5029214648781101,8057.688564086186,1599.5360206757953,0,1
2021-04-22,1.0,2021.0,16.0,144756.0,37.0,0.5185565793402259,8002.0,1580.0,0,1
2021-04-23,0.98,2020.813846013401,16.22176313524131,143010.24063439053,36.875626120585345,0.5031443012384205,7899.983690338976,1550.508918539758,0,2
2021-04-24,0.95,2020.8174692987072,16.360798694784854,140737.09194974278,36.80942749266424,0.5032568211605063,7757.756327183883,1513.7899559327361,0,2
2021-04-25,0.93,2020.82109893397,16.49989354861334,137935.8790294935,36.74321206853678,0.5033700755772127,7573.279013174462,1468.9340522997113,0,2
2021-04-26,0.91,2020.82473491919,16.639047696726763,134675.48252702897,36.67697984820296,0.5034840644885397,7353.05767662535,1417.22346182731,0,2
2021-04-27,0.89,2020.8283772543662,16.77826113912512,131369.18636266713,36.61073083166278,0.5035987878944872,7136.127887424333,1366.3517096352834,0,2
2021-04-28,0.88,2020.8320259394995,16.917533875808417,128085.87118979426,36.54446501891624,0.5037142457950552,6928.99557388604,1317.6010499102576,0,2
2021-04-29,0.88,2021.0,17.0,124823.0,37.0,0.5198621089596959,6730.0,1270.0,0,2
2021-04-30,0.88,2020.8393423596356,17.196257232029815,121588.18381851545,36.411883004804054,0.5039473650800526,6544.12337379763,1226.4630078612067,0,2
2021-05-01,0.88,2020.843010094639,17.335707851567918,118373.81162010951,36.34556680343843,0.5040650264644821,6366.383487247514,1184.0756255371818,0,2
2021-05-02,0.88,2020.8466841795992,17.475217765390955,115182.42041319254,36.279233805866426,0.5041834223435323,6198.441076360122,1143.8093356801573,0,2
2021-05-03,0.88,2020.850364614516,17.614786973498937,111980.53705563943,36.21288401208807,0.5043025527172028,6037.914845581444,1105.1389089438276,0,2
2021-05-04,0.87,2020.8540513993894,17.754415475891847,108567.32269469953,36.14651742210336,0.5044224175854939,5870.517021587408,1064.9129692503577,0,2
2021-05-05,0.87,2020.8577445342194,17.894103272569694,104909.30418824762,36.08013403591227,0.5045430169484055,5693.866308823999,1022.6062872534421,0,2
2021-05-06,0.87,2021.0,18.0,101010.0,37.0,0.5125349575533196,5509.0,979.0,0,2
2021-05-07,0.87,2020.86514985375,18.1736567487802,96858.85473880803,35.94731687491102,0.5047864191580902,5312.806216989065,931.7506963492732,0,2
2021-05-08,0.86,2020.8688620384505,18.313522428312854,92466.42379582033,35.88088310010085,0.5049092220048634,5108.396837917542,883.2017874420201,0,2
2021-05-09,0.85,2020.8725805731076,18.45344740213045,87829.18870732066,35.814432529084314,0.505032759346257,4894.7345700766455,832.572136231321,0,2
2021-05-10,0.83,2020.8763054577212,18.59343167023298,83029.27298426133,35.74796516186142,0.5051570311822713,4673.779599173723,780.5623289937031,0,2
2021-05-11,0.82,2020.8800366922922,18.73347523262045,78559.41769235603,35.681480998432164,0.5052820375129059,4457.2930394528385,731.3758833883276,0,2
2021-05-12,0.8,2020.8837742768192,18.87357808929285,74501.74634255702,35.614980038796546,0.5054077783381612,4247.235076621333,685.7133856917212,0,2
2021-05-13,0.79,2021.0,19.0,70852.0,37.0,0.5103783891151058,4043.0,643.0,0,2
2021-05-14,0.8,2020.891268495744,19.153961685492465,67622.95546927785,35.48192773090623,0.5056614634725332,3846.4049416264697,604.960234024816,0,2
2021-05-15,0.81,2020.8950251301417,19.29424242501967,64801.83594579773,35.41537638265151,0.50578940778165,3655.6327694631104,569.8695800545172,0,2
2021-05-16,0.81,2020.8987881144956,19.434582458831823,62392.90036442388,35.34880823819044,0.5059180865853872,3471.2891941891316,538.3028739929877,0,2
2021-05-17,0.81,2020.9025574488062,19.57498178692891,60311.42781063982,35.28222329752302,0.506047499883745,3292.8717326588567,509.85957193971257,0,2
2021-05-18,0.8,2020.9063331330744,19.715440409310926,58049.09279734654,35.21562156064922,0.5061776476767235,3117.3654859982153,482.13641049160407,0,2
2021-05-19,0.81,2020.9101151672985,19.85595832597788,55521.1744100275,35.14900302756906,0.5063085299643222,2944.2679710615284,454.7328457481472,0,2
2021-05-20,0.81,2021.0,20.0,52732.0,36.0,0.5064457073114916,2774.0,428.0,0,2
2021-05-21,0.8,2020.9176982856172,20.137172042166608,49668.58751331221,35.01571557278967,0.5065724980233813,2605.2991363600186,400.8845063751889,0,2
2021-05-22,0.79,2020.9214993697117,20.277867841688373,46343.919003915944,34.94904665109042,0.5067055837948418,2439.4278165951964,374.43973174568737,0,2
2021-05-23,0.74,2020.925306803763,20.418622935495073,42753.66712049393,34.882360933184806,0.5068394040609226,2275.9652285543284,348.3145538208375,0,2
2021-05-24,0.73,2020.929120587771,20.55943732358671,38982.82158854242,34.81565841907284,0.506973958821624,2116.1583128149496,322.63461649990245,0,2
2021-05-25,0.73,2020.9329407217356,20.700311005963282,35541.32076103893,34.748939108754506,0.507109248076946,1967.4887128422624,298.1537831784595,0,2
2021-05-26,0.75,2020.9367672056571,20.841243982624793,32514.154363479676,34.68220300222981,0.5072452718268885,1831.2033692138011,274.99769775577147,0,2
2021-05-27,0.79,2021.0,21.0,29898.0,35.0,0.515539858728557,1707.0,253.0,0,2
2021-05-28,0.81,2020.94443922337,21.123287818802623,27702.824858193955,34.54868040056134,0.5075195228106348,1595.7854509895546,232.6597706066606,0,2
2021-05-29,0.83,2020.9482847571617,21.264398678318948,25918.661750467476,34.481893905417564,0.5076577500444389,1496.65287639377,213.47792888023778,0,2
2021-05-30,0.84,2020.9521366409099,21.4055688321202,24548.83307268525,34.41509061406742,0.5077967117728635,1409.9045581422104,195.62083505256987,0,2
2021-05-31,0.82,2020.9559948746148,21.54679828020639,23542.00331027103,34.3482705265109,0.5079364079959084,1334.5639151585408,179.03692477519547,0,2
2021-06-01,0.81,2020.9598594582767,21.688087022577516,22590.159375767318,34.281433642748034,0.508076838713574,1264.7714609847467,163.41681195734486,0,2
2021-06-02,0.79,2020.9637303918948,21.82943505923358,21641.96575459786,34.21457996277881,0.50821800392586,1199.5506145444913,148.70893225055642,0,2
2021-06-03,0.77,2021.0,22.0,20699.0,34.0,0.5090652797355758,1139.0,135.0,0,2
2021-06-04,0.78,2020.971491309002,22.11230901540052,19756.52945226171,34.08082221422126,0.5085025378342938,1082.8237448645987,122.02987217016612,0,2
2021-06-05,0.79,2020.9753812924907,22.253834934911392,18819.286771095023,34.013918145632935,0.5086459065304413,1031.317721624961,110.05869179656423,0,2
2021-06-06,0.8,2020.979277625936,22.395420148707203,17885.69440326259,33.94699728083826,0.5087900097212095,984.3833061188627,98.99974453402453,0,2
2021-06-07,0.8,2020.983180309338,22.537064656787948,16952.47186357629,33.880059619837205,0.508934847406598,941.3992824722761,88.8772299540262,0,2
2021-06-08,0.78,2020.987089342697,22.67876845915363,15999.936240907387,33.8131051626298,0.5090804195866072,898.6383554410377,79.83634548544421,0,2
2021-06-09,0.76,2020.9910047260123,22.820531555804248,15024.807050067753,33.746133909216034,0.5092267262612369,855.4793091511193,71.90129069975775,0,2
2021-06-10,0.75,2021.0,23.0,14027.0,33.0,0.5105463969476639,812.0,65.0,0,2
2021-06-11,0.74,2020.9988545425135,23.104235631960293,13006.767963876304,33.6121410137694,0.5095215430943578,767.9668587952435,59.348670177071355,0,2
2021-06-12,0.73,2021.0027889756993,23.246176611465717,11963.858068524487,33.54511937173655,0.509670053252849,723.6134547292864,54.731104440071434,0,2
2021-06-13,0.7,2021.0067297588416,23.388176885256083,10898.354605001941,33.47808093349733,0.5098192979059608,678.8619314046493,51.21936838596702,0,2
2021-06-14,0.68,2021.0106768919406,23.53023645333138,9827.625976715599,33.41102569905175,0.509969277053693,634.1658654214139,48.68531563299013,0,2
2021-06-15,0.69,2021.0146303749966,23.672355315691618,8855.882604107055,33.343953668399806,0.5101199906960457,592.2467163800658,46.36006789053277,0,2
2021-06-16,0.7,2021.0185902080093,23.81453347233679,8000.492890583237,33.2768648415415,0.5102714388330191,553.5580608806857,44.115478776826905,0,2
2021-06-17,0.73,2021.0,24.0,7261.0,32.0,0.5158961543801194,518.0,42.0,0,2
2021-06-18,0.74,2021.0265289239046,24.099067668481943,6638.774440789786,33.1426367992058,0.5105765385908272,485.87223050783075,39.86827643566975,0,2
2021-06-19,0.75,2021.0305078067872,24.241423707981923,6132.445704520154,33.075497583728406,0.510730190211662,456.8750556343557,37.86566320821845,0,2
2021-06-20,0.77,2021.0344930396268,24.38383904176684,5742.4706273352485,33.00834157204464,0.5108845763271174,431.1083743028489,35.94370860951865,0,2
2021-06-21,0.78,2021.0384846224229,24.526313669836693,5457.963356411525,32.941168764154526,0.5110396969371932,408.46166886059314,34.10112151890005,0,2
2021-06-22,0.8,2021.0424825551759,24.668847592191486,5213.608774807695,32.87397916005805,0.5111955520418896,388.2718333912844,32.33015521234062,0,2
2021-06-23,0.81,2021.0464868378856,24.811440808831215,4998.521029700213,32.806772759755205,0.5113521416412066,370.4283502422053,30.629518569170024,0,2
2021-06-24,0.84,2021.0,25.0,4813.0,32.0,0.5373352855051244,355.0,29.0,0,2
2021-06-25,0.88,2021.0545144531748,25.096805124965474,4656.146048974289,32.67230957053043,0.5116675243237019,341.7804409047359,27.439234272995343,0,2
2021-06-26,0.91,2021.0585377857547,25.239576224460006,4528.858813355848,32.60505278160849,0.5118263174068803,330.9760147163457,25.949586619991262,0,2
2021-06-27,0.94,2021.0625674682913,25.38240661823948,4430.838414233754,32.53777919648021,0.5119858449846794,322.51794084818505,24.530268630376007,0,2
2021-06-28,0.96,2021.0666035007844,25.525296306303886,4362.320849600533,32.47048881514554,0.5121461070570987,316.3846835262351,23.211514988453988,0,2
2021-06-29,0.97,2021.0706458832344,25.668245288653225,4324.722107411346,32.40318163760453,0.5123071036241388,312.44702810638177,22.17473380005152,0,2
2021-06-30,1.0,2021.0746946156412,25.811253565287508,4318.278185658716,32.33585766385715,0.5124688346857993,310.6834388146061,21.45015974947299,0,1
2021-07-01,1.02,2021.0,26.0,4343.0,32.0,0.5325457493629836,311.0,21.0,1,1
2021-07-02,1.07,2021.0828111303247,26.097448001410882,4398.854803463136,32.2011593277433,0.5127945002929819,313.67845861528764,20.937633061787764,1,1
2021-07-03,1.09,2021.0868789126016,26.240634160899962,4485.875343020184,32.133784965376826,0.512958434838504,318.43706770774486,21.149680424681062,1,1
2021-07-04,1.15,2021.0909530448353,26.383879614673994,4604.050703013791,32.066393806804,0.5131231038786466,325.36974292827966,21.6739349253983,1,1
2021-07-05,1.2,2021.0950335270254,26.527184362732957,4756.80684214296,31.998985852024802,0.5132885074134096,334.0890391335746,22.450560917306763,1,1
2021-07-06,1.24,2021.0991203591725,26.67054840507685,4964.699512601704,31.931561101039247,0.5134546454427933,342.27028546372503,23.12054452061016,1,1
2021-07-07,1.27,2021.1032135412763,26.81397174170568,5231.154673089024,31.864119553847324,0.5136215179667973,349.52603677541333,23.62405008867576,1,1
2021-07-08,1.26,2021.0,27.0,5556.0,32.0,0.5342614355451094,356.0,24.0,1,1
2021-07-09,1.27,2021.1114189553539,27.100996297818167,5939.7524641494,31.729186070844406,0.5139574664986671,361.2610543434036,24.131627119093594,1,1
2021-07-10,1.29,2021.115531187328,27.244597517301806,6381.895094722453,31.6616941350334,0.5141265425065329,365.7403205997055,24.13569858144583,1,1
2021-07-11,1.31,2021.1196497692586,27.38825803107038,6882.600215324084,31.594185403016027,0.5142963530090191,369.29409183754535,23.97329200856027,1,1
2021-07-12,1.32,2021.1237747011457,27.531977839123897,7433.80359849799,31.526659874792298,0.5144668980061258,372.4910012686304,23.692157771568397,1,1
2021-07-13,1.33,2021.1279059829901,27.675756941462353,7987.119879506353,31.45911755036221,0.514638177497853,378.74284816320403,23.578798097259053,1,1
2021-07-14,1.31,2021.132043614791,27.81959533808574,8534.484830892869,31.391558429725748,0.5148101914842007,388.6182657329733,23.6809633567637,1,1
2021-07-15,1.27,2021.0,28.0,9076.0,30.0,0.5366529887989353,402.0,24.0,1,1
2021-07-16,1.23,2021.1403379282626,28.107450014187325,9611.360744800359,31.25638979983375,0.5151564229407578,419.23981289809933,24.53186867721501,1,1
2021-07-17,1.2,2021.1444946099336,28.251466293665523,10140.871707321334,31.188780290578205,0.5153306404109671,439.985942493456,25.28060873816166,1,1
2021-07-18,1.2,2021.1486576415612,28.39554186742865,10664.43134022046,31.1211539851163,0.5155055923757967,464.3556427640084,26.244873732922308,1,1
2021-07-19,1.2,2021.1528270231456,28.539676735476718,11180.016419664715,31.053510883448034,0.5156812788352472,491.8997297480756,27.44126471503497,1,1
2021-07-20,1.19,2021.157002754687,28.68387089780973,11675.487602655932,30.9858509855734,0.5158576997893181,519.9230996755709,28.9693880057277,1,1
2021-07-21,1.17,2021.1611848361852,28.828124354427672,12148.821665361078,30.918174291492406,0.5160348552380094,547.9765685848135,30.845844658538514,1,1
2021-07-22,1.16,2021.0,29.0,12600.0,30.0,0.5217391304347826,576.0,33.0,1,1
2021-07-23,1.14,2021.169568049051,29.116809150518364,13029.078429913168,30.78277051471133,0.5163913696192537,604.17380334854,35.64375805051438,1,0
2021-07-24,1.13,2021.1737691804187,29.26124048999111,13436.001131760113,30.71504343201125,0.5165707285518066,632.317569203024,38.56521478967943,1,0
2021-07-25,1.14,2021.1779766617435,29.4057311237488,13820.786713320987,30.64729955310481,0.5167508219789799,660.4914340392551,41.835004890962566,1,0
2021-07-26,1.13,2021.1821904930252,29.550281051791423,14190.36014937333,30.579538877992,0.5169316499007739,688.3928548566355,45.34018282551245,1,0
2021-07-27,1.13,2021.1864106742635,29.694890274118983,14586.271288582338,30.511761406672836,0.5171132123171884,714.2065736515781,48.403075420221086,1,0
2021-07-28,1.13,2021.1906372054584,29.83955879073148,15015.445105725548,30.443967139147304,0.5172955092282233,737.6300474234847,50.91073714623714,1,0
2021-07-29,1.12,2021.0,30.0,15478.0,31.0,0.5205675605311116,759.0,53.0,1,0
2021-07-30,1.12,2021.1991093177185,30.129073706811276,15973.580773814572,30.30832821547715,0.5176623065341548,777.3062598981907,54.2603679921915,1,0
2021-07-31,1.13,2021.2033548987836,30.27392010627858,16502.542624760386,30.24048355933253,0.5178468069290514,793.5589986009898,55.1023371121298,1,0
2021-08-01,1.16,2021.207606829805,30.418825800030824,17064.767153640398,30.172622106981557,0.5180320418185683,807.4214922807532,55.389075363375525,1,0
2021-08-02,1.18,2021.2118651107837,30.563790788068,17675.24898373147,30.104743858424214,0.5182180112027059,820.6178397801662,55.2672089809807,1,0
2021-08-03,1.2,2021.216129741719,30.708815070390116,18423.95585469476,30.036848813660505,0.518404715081464,843.4926341553427,55.616495375257514,1,0
2021-08-04,1.22,2021.2204007226112,30.853898646997163,19325.88238980712,29.968936972690436,0.5185921534548426,877.7699742489674,56.58356078125798,1,0
2021-08-05,1.24,2021.0,31.0,20381.0,30.0,0.5151020811705966,923.0,58.0,1,0
2021-08-06,1.26,2021.2289617342653,31.144243683066072,21589.39445247905,29.83306290213121,0.5189692336854613,980.5322915915632,60.37102862842992,1,0
2021-08-07,1.26,2021.2332517650275,31.28950514252793,22950.979980038624,29.765100672542054,0.5191588755427015,1049.0172688405341,63.19143106960138,1,0
2021-08-08,1.27,2021.2375481457461,31.434825896274724,24465.78517174726,29.697121646746538,0.519349251894562,1128.9047918079536,66.6296125224965,1,0
2021-08-09,1.28,2021.2418508764217,31.580205944306456,26132.8128950005,29.62912582474466,0.5195403627410432,1218.1798642445308,70.48760732592004,1,0
2021-08-10,1.3,2021.2461599570543,31.725645286623127,27946.08035417149,29.56111320653642,0.5197322080821449,1304.752508654521,73.57762151270046,1,0
2021-08-11,1.31,2021.2504753876437,31.871143923224725,29904.590416655737,29.49308379212181,0.5199247879178672,1386.6077287886333,75.70168942164248,1,0
2021-08-12,1.31,2021.0,32.0,32008.0,30.0,0.5117378288955412,1464.0,77.0,1,0
2021-08-13,1.3,2021.259125298692,32.16231907928274,34257.33835156404,29.356974574673508,0.5203121510731731,1536.1658962292227,77.0519864060114,1,0
2021-08-14,1.29,2021.2634597791512,32.307995598739154,36651.5762239881,29.288894771639818,0.5205069343927569,1603.8688435357005,76.27821548143831,1,0
2021-08-15,1.3,2021.2678006095668,32.45373141248051,39191.05669972542,29.22079817239976,0.520702452206961,1666.8543665663003,74.53849827902681,1,0
2021-08-16,1.29,2021.2721477899395,32.599526520506785,41848.57972644152,29.152684776953343,0.5208987045157859,1724.2736448634878,71.93790594883572,1,0
2021-08-17,1.29,2021.2765013202693,32.745380922818015,44460.944990129465,29.084554585300562,0.5210956913192312,1771.0337556820589,69.1068653912177,1,0
2021-08-18,1.27,2021.2808612005551,32.89129461941417,47000.95243845475,29.01640759744142,0.521293412617297,1806.2858785644794,66.15044775623149,1,0
2021-08-19,1.24,2021.0,33.0,49469.0,29.0,0.5104772038962102,1830.0,63.0,1,0
2021-08-20,1.22,2021.2896000109974,33.18329989546129,51863.89388901736,28.880063233104043,0.5216910586972902,1842.2661605208687,59.86148125415459,1,0
2021-08-21,1.19,2021.293978941154,33.329391474912256,54186.8278912547,28.811865856625815,0.5218909834792175,1842.9943195948376,56.5289323870639,1,0
2021-08-22,1.18,2021.2983642212666,33.47554234864816,56437.404078129395,28.743651683941223,0.5220916427557654,1832.2144907326565,53.07100644260503,1,0
2021-08-23,1.16,2021.3027558513365,33.621752516669005,58615.62244964142,28.67542071505027,0.5222930365269338,1809.9266739343238,49.487703420778004,1,0
2021-08-24,1.14,2021.3071538313634,33.76802197897477,60721.48300579081,28.607172949952947,0.5224951647927227,1776.1308691998415,45.77902332158281,1,0
2021-08-25,1.12,2021.3115581613463,33.914350735565485,62754.985746577535,28.53890838864927,0.5226980275531321,1730.8270765292082,41.94496614501945,1,0
2021-08-26,1.09,2021.0,34.0,64716.0,29.0,0.5092563490067891,1674.0,38.0,1,0
2021-08-27,1.07,2021.3203858711827,34.20718613160171,66604.91778206304,28.402328877422814,0.5231059565578124,1605.6955273794904,33.900720559788226,1,0
2021-08-28,1.06,2021.3248092510362,34.353692771047236,68421.34707676184,28.33401392750005,0.5233110228020834,1525.867770900406,29.69053215112038,1,0
2021-08-29,1.06,2021.3292389808464,34.50025870477769,70165.41855609795,28.265682181370924,0.5235168235409751,1434.53202648517,25.354966665084333,1,0
2021-08-30,1.08,2021.333675060613,34.64688393279309,71837.13222007142,28.19733363903543,0.5237233587744868,1331.6882941337847,20.894024101680145,1,0
2021-08-31,1.09,2021.3381174903366,34.793568455093414,73436.48806868224,28.128968300493575,0.5239306285026195,1217.3365738462476,16.3077044609078,1,0
2021-09-01,1.111012634508862,2021.3425662700165,34.94031227167868,74963.48610193041,28.060586165745356,0.5241386327253725,1091.4768656225615,11.59600774276727,1,0
