Date,Week,Age,Gender,Incidence,Intensive_Care,Deaths,Lockdown-Intensity
2020-03-20,12.0,45.99568333358129,0.5523424927142279,22.924187725631768,200.0,48.142857142857146,2
2020-03-21,12.0,46.1590820594404,0.5487448123222537,25.394705174488568,308.0,58.857142857142854,2
2020-03-22,12.0,46.322480785299526,0.5443137527570556,26.9410348977136,364.0,68.0,3
2020-03-23,12.0,46.48587951115864,0.5390493140186339,28.979542719614923,451.0,81.71428571428571,3
2020-03-24,12.0,46.649278237017754,0.5329514961069883,31.21179302045728,616.0,99.42857142857143,3
2020-03-25,12.0,46.812676962876864,0.5260202990221191,33.709987966305654,789.0,121.42857142857143,3
2020-03-26,13.0,47.24124839144829,0.5182557227640261,35.93020457280385,824.0,150.42857142857142,3
2020-03-27,13.0,47.4046471173074,0.5106976226841523,38.25511432009627,905.0,174.42857142857142,3
2020-03-28,13.0,47.56804584316651,0.5033459987824976,39.89771359807461,1001.0,196.28571428571428,3
2020-03-29,13.0,47.73144456902563,0.496200851059062,40.872442839951866,1063.0,208.71428571428572,3
2020-03-30,13.0,47.89484329488473,0.4892621795138456,41.33935018050541,1203.0,228.14285714285714,3
2020-03-31,13.0,48.058242020743855,0.4825299841468483,42.75691937424789,1550.0,258.7142857142857,3
2020-04-01,13.0,48.221640746602965,0.47600426495807013,43.454873646209386,1784.0,281.42857142857144,3
2020-04-02,14.0,48.65021217517439,0.46968502194751105,44.229843561973524,2102.0,302.85714285714283,3
2020-04-03,14.0,48.813610901033506,0.46394158739683417,44.48736462093863,2361.0,321.85714285714283,3
2020-04-04,14.0,48.97700962689262,0.4587739613060396,44.03128760529483,2471.0,321.42857142857144,3
2020-04-05,14.0,49.14040835275173,0.4541821436751271,43.380264741275575,2528.0,324.0,3
2020-04-06,14.0,49.30380707861085,0.4501661345040969,42.83032490974729,2551.0,327.42857142857144,3
2020-04-07,14.0,49.46720580446995,0.4467259337929489,41.78339350180505,2641.0,321.42857142857144,3
2020-04-08,14.0,49.63060453032907,0.443861541541683,40.6028880866426,2654.0,316.57142857142856,3
2020-04-09,15.0,49.77346167318621,0.44157295775029937,38.628158844765345,2714.0,303.57142857142856,3
2020-04-10,15.0,49.93686039904532,0.43986663454828484,35.210589651022865,2702.0,276.57142857142856,3
2020-04-11,15.0,50.10025912490444,0.43874257193563937,33.4560770156438,2652.0,270.2857142857143,3
2020-04-12,15.0,50.26365785076355,0.43820076991236295,32.64861612515042,2652.0,267.85714285714283,3
2020-04-13,15.0,50.42705657662266,0.43824122847845576,30.167268351383875,2719.0,249.57142857142858,3
2020-04-14,15.0,50.59045530248178,0.43886394763391756,26.886883273164862,2722.0,232.14285714285714,3
2020-04-15,15.0,50.75385402834089,0.44006892737874853,24.537906137184116,2735.0,216.28571428571428,3
2020-04-16,16.0,50.61099688548375,0.44185616771294856,22.746089049338146,2810.0,197.0,3
2020-04-17,16.0,50.71888485402934,0.44342343315447136,22.373044524669073,2879.0,192.28571428571428,3
2020-04-18,16.0,50.77126206526141,0.4447707237033168,21.43682310469314,2928.0,181.14285714285714,3
2020-04-19,16.0,50.768128519179974,0.44589803935948497,20.84837545126354,2870.0,174.28571428571428,3
2020-04-20,16.0,50.70948421578502,0.4468053801229758,20.983152827918172,2900.0,172.42857142857142,3
2020-04-21,16.0,50.59532915507653,0.44749274599378946,20.646209386281587,2855.0,161.14285714285714,3
2020-04-22,16.0,50.42566333705453,0.4479601369719258,19.641395908543924,2739.0,146.14285714285714,3
2020-04-23,17.0,50.28280619419739,0.44820755305738486,18.044524669073404,2720.0,135.57142857142858,3
2020-04-24,17.0,50.057629618861874,0.4490187654663645,16.67148014440433,2644.0,122.57142857142857,3
2020-04-25,17.0,49.83245304352636,0.4503937741988647,15.667870036101084,2538.0,116.42857142857143,3
2020-04-26,17.0,49.60727646819084,0.4523325792548855,14.859205776173285,2524.0,103.71428571428571,3
2020-04-27,17.0,49.38209989285532,0.4548351806344269,14.14560770156438,2466.0,93.0,3
2020-04-28,17.0,49.156923317519805,0.45790157833748896,13.275571600481348,2391.0,85.0,3
2020-04-29,17.0,48.931746742184295,0.46153177236407145,12.002406738868833,2310.0,75.28571428571429,3
2020-04-30,18.0,48.64603245647,0.46572576271417454,11.24187725631769,2235.0,68.71428571428571,3
2020-05-01,18.0,48.42085588113449,0.46936523868009544,10.057761732851986,2118.0,63.57142857142857,3
2020-05-02,18.0,48.195679305798976,0.47245020026183376,9.273164861612514,2046.0,57.285714285714285,3
2020-05-03,18.0,47.97050273046345,0.47498064745938995,8.937424789410349,2011.0,55.285714285714285,3
2020-05-04,18.0,47.74532615512794,0.47695658027276366,8.4705174488568,1976.0,50.42857142857143,3
2020-05-05,18.0,47.52014957979242,0.47837799870195513,8.024067388688326,1903.0,45.0,3
2020-05-06,18.0,47.2949730044569,0.4792449027469643,7.772563176895307,1820.0,42.42857142857143,1
2020-05-07,19.0,47.15211586159976,0.47955729240779105,7.460890493381468,1763.0,39.285714285714285,1
2020-05-08,19.0,46.92693928626424,0.4801393991908078,7.53309265944645,1659.0,38.857142857142854,1
2020-05-09,19.0,46.701762710928726,0.4809912230960144,7.602888086642599,1594.0,37.0,1
2020-05-10,19.0,46.47658613559321,0.48211276412341103,7.503008423586041,1603.0,36.714285714285715,1
2020-05-11,19.0,46.25140956025769,0.4835040222729976,7.450060168471721,1587.0,34.57142857142857,1
2020-05-12,19.0,46.026232984922174,0.4851649975447741,7.167268351383875,1496.0,32.714285714285715,1
2020-05-13,19.0,45.80105640958666,0.48709568993874053,6.791817087845969,1384.0,30.857142857142858,1
2020-05-14,20.0,45.51534212387237,0.48929609945489705,6.3225030084235865,1316.0,26.714285714285715,1
2020-05-15,20.0,45.290165548536855,0.49131425333084905,6.0192539109506615,1232.0,24.714285714285715,1
2020-05-16,20.0,45.064988973201345,0.49315015156659664,5.755716004813478,1173.0,24.285714285714285,1
2020-05-17,20.0,44.83981239786583,0.4948037941621399,5.725631768953068,1125.0,23.428571428571427,1
2020-05-18,20.0,44.6146358225303,0.49627518111747865,5.5535499398315284,1122.0,23.0,1
2020-05-19,20.0,44.38945924719479,0.49756431243261307,5.401925391095066,1087.0,22.285714285714285,1
2020-05-20,20.0,44.16428267185927,0.49867118810754313,5.304452466907341,1019.0,21.714285714285715,1
2020-05-21,21.0,44.02142552900212,0.4995958081422686,4.836341756919374,999.0,19.857142857142858,1
2020-05-22,21.0,43.802305804220794,0.5006499683502875,4.593261131167268,971.0,17.714285714285715,1
2020-05-23,21.0,43.58924292999363,0.5018336687315997,4.4464500601684716,928.0,16.428571428571427,1
2020-05-24,21.0,43.38223690632065,0.5031469092862052,4.328519855595668,896.0,16.0,1
2020-05-25,21.0,43.18128773320185,0.5045896900141039,4.172081829121541,883.0,14.571428571428571,1
2020-05-26,21.0,42.986395410637215,0.506162010915296,4.038507821901324,810.0,12.857142857142858,1
2020-05-27,21.0,42.797559938626776,0.5078638719897812,3.8219013237063777,749.0,11.285714285714286,1
2020-05-28,22.0,42.511845652912484,0.5096952732375598,3.9554753309265944,723.0,11.571428571428571,1
2020-05-29,22.0,42.32906703145621,0.5110594459914347,3.8592057761732854,722.0,10.428571428571429,1
2020-05-30,22.0,42.14628840999995,0.511956390251406,3.9037304452466906,711.0,9.428571428571429,1
2020-05-31,22.0,41.963509788543675,0.5123861060174737,3.8567990373044525,697.0,9.142857142857142,1
2020-06-01,22.0,41.78073116708741,0.5123485932896377,3.525872442839952,696.0,8.0,1
2020-06-02,22.0,41.59795254563114,0.511843852067898,3.1492178098676296,691.0,7.0,1
2020-06-03,22.0,41.41517392417487,0.5108718823522546,2.966305655836342,631.0,6.857142857142857,1
2020-06-04,23.0,40.98660249560344,0.5094326841427075,2.963898916967509,595.0,6.571428571428571,1
2020-06-05,23.0,40.80382387414717,0.5087732171821462,2.954271961492178,584.0,6.142857142857143,1
2020-06-06,23.0,40.621045252690905,0.5088934814705705,2.8471720818291217,561.0,6.285714285714286,1
2020-06-07,23.0,40.43826663123463,0.5097934770079803,2.829121540312876,566.0,6.428571428571429,1
2020-06-08,23.0,40.25548800977837,0.5114732037943758,3.019253910950662,543.0,6.142857142857143,1
2020-06-09,23.0,40.072709388322096,0.5139326618297569,3.164861612515042,516.0,5.142857142857143,1
2020-06-10,23.0,39.889930766865824,0.5171718511141237,3.191335740072202,483.0,5.0,1
2020-06-11,24.0,39.60421648115154,0.5211907716474761,2.89410348977136,452.0,4.142857142857143,1
2020-06-12,24.0,39.421437859695274,0.5257695264775127,2.7918170878459687,450.0,5.0,1
2020-06-13,24.0,39.238659238239,0.5309081156042336,2.808664259927798,441.0,4.428571428571429,1
2020-06-14,24.0,39.05588061678274,0.5366065390276387,2.8182912154031285,438.0,4.714285714285714,1
2020-06-15,24.0,38.873101995326465,0.5428647967477279,2.7749699157641396,434.0,4.857142857142857,1
2020-06-16,24.0,38.69032337387019,0.5496828887645016,2.8868832731648615,421.0,6.285714285714286,1
2020-06-17,24.0,38.50754475241393,0.5570608150779593,3.3008423586040916,407.0,5.857142857142857,1
2020-06-18,25.0,38.36468760955678,0.5649985756881014,3.88086642599278,394.0,6.142857142857143,1
2020-06-19,25.0,38.18190898810052,0.5709905377579757,4.657039711191335,374.0,5.857142857142857,1
2020-06-20,25.0,37.99913036664424,0.5750367012875824,4.981949458483754,359.0,6.285714285714286,1
2020-06-21,25.0,37.816351745187966,0.5771370662769215,5.042117930204573,350.0,5.857142857142857,1
2020-06-22,25.0,37.6335731237317,0.577291632725993,5.263537906137184,363.0,5.428571428571429,1
2020-06-23,25.0,37.45079450227543,0.5755004006347969,5.291215403128761,358.0,4.857142857142857,1
2020-06-24,25.0,37.26801588081916,0.5717633700033332,4.862815884476534,353.0,4.142857142857143,1
2020-06-25,26.0,37.4108730236763,0.5660805408316018,4.624548736462094,358.0,4.428571428571429,1
2020-06-26,26.0,37.22809440222004,0.5606155333535437,4.115523465703971,359.0,4.142857142857143,1
2020-06-27,26.0,37.045315780763765,0.555368347569159,3.8219013237063777,343.0,3.857142857142857,1
2020-06-28,26.0,36.8625371593075,0.5503389834784478,3.796630565583634,335.0,3.4285714285714284,1
2020-06-29,26.0,36.67975853785123,0.5455274410814098,3.762936221419976,329.0,3.857142857142857,1
2020-06-30,26.0,36.496979916394956,0.5409337203780453,3.661853188929001,333.0,3.0,1
2020-07-01,26.0,36.31420129493869,0.5365578213683542,3.6329723225030084,324.0,3.4285714285714284,1
2020-07-02,27.0,36.171344152081545,0.5323997440523364,3.5210589651022866,325.0,3.2857142857142856,1
2020-07-03,27.0,36.00590598385553,0.5296190888627408,3.3429602888086642,314.0,3.142857142857143,1
2020-07-04,27.0,35.85780826885975,0.5282158557995675,3.303249097472924,320.0,3.142857142857143,1
2020-07-05,27.0,35.727051007094225,0.5281900448628166,3.2322503008423586,299.0,3.7142857142857144,1
2020-07-06,27.0,35.61363419855894,0.5295416560524877,3.1227436823104693,305.0,4.0,1
2020-07-07,27.0,35.517557843253904,0.5322706893685812,3.0433212996389893,292.0,4.428571428571429,1
2020-07-08,27.0,35.438821941179114,0.5363771448110969,3.0048134777376654,287.0,4.571428571428571,1
2020-07-09,28.0,35.438821941179114,0.5418610223800349,2.948255114320096,272.0,4.714285714285714,1
2020-07-10,28.0,35.37742649233458,0.5458682879449198,2.94705174488568,276.0,4.285714285714286,1
2020-07-11,28.0,35.316031043490035,0.5483989415057517,2.927797833935018,253.0,4.0,1
2020-07-12,28.0,35.2546355946455,0.5494529830625308,2.912154031287605,254.0,3.5714285714285716,1
2020-07-13,28.0,35.19324014580095,0.5490304126152569,2.914560770156438,263.0,3.4285714285714284,1
2020-07-14,28.0,35.13184469695641,0.5471312301639298,3.003610108303249,256.0,3.142857142857143,1
2020-07-15,28.0,35.07044924811187,0.5437554357085499,3.111913357400722,246.0,3.142857142857143,1
2020-07-16,29.0,35.07044924811187,0.5389030292491169,3.2659446450060168,251.0,3.4285714285714284,1
2020-07-17,29.0,35.009053799267335,0.5347184891568392,3.3826714801444044,246.0,3.857142857142857,1
2020-07-18,29.0,34.94765835042279,0.5312018154317167,3.5800240673886883,246.0,3.857142857142857,1
2020-07-19,29.0,34.88626290157825,0.5283530080737492,3.6401925391095067,249.0,4.285714285714286,1
2020-07-20,29.0,34.82486745273371,0.5261720670829371,3.793020457280385,245.0,4.142857142857143,1
2020-07-21,29.0,34.76347200388917,0.52465899245928,3.861612515042118,251.0,4.428571428571429,1
2020-07-22,29.0,34.702076555044634,0.5238137842027782,4.05294825511432,248.0,4.857142857142857,1
2020-07-23,30.0,34.702076555044634,0.5236364423134316,4.222623345367028,234.0,4.285714285714286,1
2020-07-24,30.0,34.63235967943058,0.523040420535818,4.563176895306859,235.0,4.857142857142857,1
2020-07-25,30.0,34.55432137704701,0.5220257188699373,4.6859205776173285,247.0,5.285714285714286,1
2020-07-26,30.0,34.46796164789394,0.5205923373157895,4.7244283995186525,265.0,4.714285714285714,1
2020-07-27,30.0,34.373280491971336,0.5187402758733745,4.813477737665464,257.0,5.142857142857143,1
2020-07-28,30.0,34.27027790927924,0.5164695345426925,5.093862815884476,253.0,5.285714285714286,1
2020-07-29,30.0,34.15895389981761,0.5137801133237433,5.34777376654633,255.0,4.714285714285714,1
2020-07-30,31.0,34.15895389981761,0.5106720122165271,5.547533092659447,260.0,5.0,1
2020-07-31,31.0,34.03930846358649,0.5087396535543726,5.67870036101083,259.0,5.428571428571429,1
2020-08-01,31.0,33.91966302735535,0.5079830373372795,5.702767749699158,255.0,5.142857142857143,1
2020-08-02,31.0,33.80001759112422,0.5084021635652479,5.815884476534296,267.0,5.285714285714286,1
2020-08-03,31.0,33.68037215489309,0.5099970322382779,6.140794223826715,263.0,5.428571428571429,1
2020-08-04,31.0,33.56072671866196,0.5127676433563694,6.371841155234657,258.0,5.571428571428571,1
2020-08-05,31.0,33.44108128243083,0.5167139969195225,6.612515042117931,238.0,5.285714285714286,1
2020-08-06,32.0,33.155366996716545,0.5218360929277371,6.9807460890493385,236.0,5.428571428571429,1
2020-08-07,32.0,33.065425162577625,0.5261574405153532,7.091456077015644,226.0,4.285714285714286,1
2020-08-08,32.0,33.005186930530904,0.5296780396823707,7.270758122743683,228.0,4.428571428571429,1
2020-08-09,32.0,32.9746523005764,0.5323978904287896,7.2888086642599275,234.0,4.571428571428571,1
2020-08-10,32.0,32.9738212727141,0.53431699275461,7.657039711191335,227.0,3.7142857142857144,1
2020-08-11,32.0,33.002693846944005,0.535435346659832,7.956678700361011,230.0,3.142857142857143,1
2020-08-12,32.0,33.06127002326612,0.5357529521444552,8.475330926594465,220.0,4.142857142857143,1
2020-08-13,33.0,32.775555737551834,0.53526980920848,8.866425992779783,223.0,3.5714285714285716,1
2020-08-14,33.0,32.86383551596615,0.5351349000110318,9.309265944645006,230.0,3.7142857142857144,1
2020-08-15,33.0,32.95211529438048,0.5353482245521108,9.363417569193743,228.0,4.0,1
2020-08-16,33.0,33.040395072794794,0.5359097828317169,9.570397111913357,224.0,4.428571428571429,1
2020-08-17,33.0,33.12867485120911,0.5368195748498501,10.104693140794224,226.0,5.285714285714286,1
2020-08-18,33.0,33.21695462962344,0.5380776006065104,10.510228640192539,219.0,6.428571428571429,1
2020-08-19,33.0,33.305234408037755,0.5396838601016979,10.766546329723225,226.0,5.142857142857143,1
2020-08-20,34.0,33.305234408037755,0.5416383533354123,10.921780986762936,229.0,5.857142857142857,1
2020-08-21,34.0,33.39351418645207,0.5429680942111114,11.261131167268351,235.0,5.428571428571429,1
2020-08-22,34.0,33.4817939648664,0.5436730827287948,11.456077015643803,230.0,5.142857142857143,1
2020-08-23,34.0,33.570073743280716,0.5437533188884627,11.545126353790614,242.0,4.428571428571429,1
2020-08-24,34.0,33.65835352169504,0.5432088026901151,11.40072202166065,243.0,4.0,1
2020-08-25,34.0,33.74663330010936,0.5420395341337519,11.342960288808664,223.0,2.857142857142857,1
2020-08-26,34.0,33.834913078523684,0.5402455132193732,11.175691937424789,225.0,3.0,1
2020-08-27,35.0,33.834913078523684,0.5378267399469789,11.07942238267148,238.0,2.142857142857143,1
2020-08-28,35.0,33.923192856938,0.5358841551324989,10.760529482551144,234.0,2.142857142857143,1
2020-08-29,35.0,34.01147263535233,0.5344177587759332,10.658243080625752,239.0,2.142857142857143,1
2020-08-30,35.0,34.099752413766645,0.5334275508772818,10.62214199759326,243.0,2.5714285714285716,1
2020-08-31,35.0,34.18803219218096,0.5329135314365445,10.328519855595667,244.0,2.4285714285714284,1
2020-09-01,35.0,34.27631197059528,0.5328757004537216,10.126353790613718,233.0,2.5714285714285716,1
2020-09-02,35.0,34.364591749009605,0.5333140579288128,9.884476534296029,226.0,2.7142857142857144,1
2020-09-03,36.0,34.50744889186675,0.5342286038618184,9.85800240673887,221.0,3.5714285714285716,1
2020-09-04,36.0,34.59572867028107,0.5346276474927676,9.981949458483754,223.0,4.142857142857143,1
2020-09-05,36.0,34.68400844869539,0.5345111888216602,10.309265944645006,220.0,5.0,1
2020-09-06,36.0,34.772288227109705,0.5338792278484964,10.364620938628159,216.0,5.142857142857143,1
2020-09-07,36.0,34.86056800552403,0.5327317645732761,10.636582430806257,227.0,5.428571428571429,1
2020-09-08,36.0,34.948847783938355,0.5310687989959993,10.70878459687124,229.0,7.714285714285714,1
2020-09-09,36.0,35.03712756235267,0.5288903311166661,11.108303249097473,225.0,8.571428571428571,1
2020-09-10,37.0,35.322841848066965,0.5261963609352766,11.196149217809868,230.0,8.428571428571429,1
2020-09-11,37.0,35.41112162648128,0.523749244632701,11.385078219013238,218.0,9.142857142857142,1
2020-09-12,37.0,35.4994014048956,0.5215489822089396,11.528279181708784,231.0,9.142857142857142,1
2020-09-13,37.0,35.587681183309925,0.5195955736639923,11.74488567990373,234.0,9.714285714285714,1
2020-09-14,37.0,35.67596096172424,0.5178890189978593,11.836341756919374,233.0,9.571428571428571,1
2020-09-15,37.0,35.76424074013857,0.5164293182105404,12.58965102286402,232.0,9.142857142857142,1
2020-09-16,37.0,35.852520518552886,0.5152164713020357,13.128760529482552,228.0,10.0,1
2020-09-17,38.0,35.99537766141003,0.5142504782723452,14.046931407942239,234.0,10.428571428571429,1
2020-09-18,38.0,36.08365743982436,0.5135211287998099,14.670276774969915,243.0,10.857142857142858,1
2020-09-19,38.0,36.171937218238675,0.5130284228844298,14.873646209386282,253.0,11.428571428571429,1
2020-09-20,38.0,36.26021699665299,0.5127723605262051,14.78820697954272,265.0,11.714285714285714,1
2020-09-21,38.0,36.34849677506732,0.5127529417251356,14.993983152827917,265.0,13.571428571428571,1
2020-09-22,38.0,36.436776553481636,0.5129701664812213,14.765342960288809,274.0,13.428571428571429,1
2020-09-23,38.0,36.525056331895954,0.5134240347944624,14.783393501805055,289.0,12.857142857142858,1
2020-09-24,39.0,36.6679134747531,0.5141145466648587,14.83152827918171,291.0,14.142857142857142,1
2020-09-25,39.0,36.75619325316742,0.5147642496034688,15.02647412755716,297.0,14.142857142857142,1
2020-09-26,39.0,36.844473031581735,0.5153731436102927,15.499398315282791,309.0,16.142857142857142,1
2020-09-27,39.0,36.93275280999605,0.5159412286853305,15.71841155234657,324.0,15.714285714285714,1
2020-09-28,39.0,37.02103258841038,0.5164685048285821,15.927797833935019,352.0,15.857142857142858,1
2020-09-29,39.0,37.1093123668247,0.5169549720400475,16.352587244283995,351.0,15.857142857142858,1
2020-09-30,39.0,37.197592145239014,0.5174006303197266,16.980746089049337,354.0,16.571428571428573,1
2020-10-01,40.0,37.34044928809616,0.5178054796676197,17.61973525872443,360.0,17.714285714285715,1
2020-10-02,40.0,37.42872906651048,0.5179668832285099,18.3309265944645,370.0,19.142857142857142,1
2020-10-03,40.0,37.51700884492481,0.5178848410023973,18.82430806257521,401.0,17.142857142857142,1
2020-10-04,40.0,37.60528862333912,0.5175593529892819,19.163658243080626,422.0,17.428571428571427,1
2020-10-05,40.0,37.693568401753446,0.5169904191891639,19.8604091456077,444.0,19.571428571428573,1
2020-10-06,40.0,37.78184818016776,0.5161780396020429,21.57039711191336,448.0,21.285714285714285,1
2020-10-07,40.0,37.87012795858209,0.5151222142279192,23.683513838748496,470.0,24.0,1
2020-10-08,41.0,38.012985101439234,0.5138229430667927,25.780986762936223,487.0,26.285714285714285,1
2020-10-09,41.0,38.10126487985355,0.5126723237363959,28.352587244283995,510.0,29.0,1
2020-10-10,41.0,38.18954465826788,0.5116703562367287,30.075812274368232,531.0,32.714285714285715,1
2020-10-11,41.0,38.277824436682195,0.5108170405677912,31.418772563176894,545.0,35.0,1
2020-10-12,41.0,38.36610421509652,0.5101123767295833,33.560770156438025,589.0,38.57142857142857,1
2020-10-13,41.0,38.45438399351083,0.5095563647221052,35.70517448856799,617.0,42.714285714285715,1
2020-10-14,41.0,38.542663771925156,0.5091490045453566,39.02767749699158,601.0,46.714285714285715,1
2020-10-15,42.0,38.542663771925156,0.5088902961993378,42.93020457280385,651.0,52.285714285714285,1
2020-10-16,42.0,38.630943550339474,0.50853168241777,46.438026474127554,688.0,58.857142857142854,1
2020-10-17,42.0,38.7192233287538,0.5080731632006533,48.92178098676293,726.0,62.0,1
2020-10-18,42.0,38.807503107168124,0.5075147385479879,50.61492178098676,766.0,66.14285714285714,1
2020-10-19,42.0,38.89578288558244,0.5068564084597734,53.37785800240674,846.0,70.14285714285714,1
2020-10-20,42.0,38.98406266399676,0.5060981729360102,58.28279181708785,875.0,80.57142857142857,1
2020-10-21,42.0,39.072342442411085,0.5052400319766981,64.49458483754513,940.0,92.0,1
2020-10-22,43.0,39.21519958526823,0.504281985581837,71.74127557160048,1025.0,109.71428571428571,1
2020-10-23,43.0,39.30981258287234,0.5033709292935772,79.03730445246691,1116.0,125.28571428571429,1
2020-10-24,43.0,39.410758799666255,0.5025068631119184,85.54753309265945,1193.0,134.28571428571428,1
2020-10-25,43.0,39.51803823564995,0.5016897870368607,90.0950661853189,1286.0,144.57142857142858,1
2020-10-26,43.0,39.63165089082345,0.5009197010684043,96.76173285198556,1352.0,166.42857142857142,1
2020-10-27,43.0,39.751596765186754,0.500196605206549,104.58483754512635,1462.0,181.85714285714286,1
2020-10-28,43.0,39.87787585873984,0.49952049945129484,112.81227436823104,1563.0,197.0,2
2020-10-29,44.0,40.02073300159698,0.49889138380264175,119.93742478941034,1689.0,206.14285714285714,2
2020-10-30,44.0,40.153345314339866,0.4982280610496234,126.40794223826715,1832.0,214.57142857142858,2
2020-10-31,44.0,40.28595762708276,0.4975305311922399,129.9025270758123,1935.0,224.85714285714286,2
2020-11-01,44.0,40.418569939825645,0.4967987942304912,133.5956678700361,2056.0,231.14285714285714,2
2020-11-02,44.0,40.55118225256853,0.49603285016437726,137.48134777376654,2234.0,236.57142857142858,2
2020-11-03,44.0,40.683794565311416,0.49523269899389816,141.56558363417568,2374.0,249.71428571428572,2
2020-11-04,44.0,40.816406878054295,0.49439834071905375,143.92057761732852,2542.0,258.85714285714283,2
2020-11-05,45.0,40.816406878054295,0.4935297753398441,146.83513838748496,2647.0,268.7142857142857,2
2020-11-06,45.0,40.94901919079718,0.4926536526405924,149.44404332129963,2745.0,268.0,2
2020-11-07,45.0,41.081631503540066,0.49176997262129846,151.75571600481348,2830.0,271.2857142857143,2
2020-11-08,45.0,41.21424381628295,0.4908787352819623,151.29602888086643,2897.0,270.2857142857143,2
2020-11-09,45.0,41.346856129025845,0.48997994062258404,152.1684717208183,3001.0,276.0,2
2020-11-10,45.0,41.47946844176873,0.48907358864316347,152.50180505415162,3053.0,278.14285714285717,2
2020-11-11,45.0,41.61208075451162,0.48815967934370086,154.31407942238266,3118.0,293.2857142857143,2
2020-11-12,46.0,41.754937897368755,0.48723821272419604,155.78339350180505,3177.0,306.2857142857143,2
2020-11-13,46.0,41.887550210111634,0.4862376958932061,155.50541516245488,3289.0,329.7142857142857,2
2020-11-14,46.0,42.02016252285453,0.4851581288507312,155.34777376654634,3315.0,351.57142857142856,2
2020-11-15,46.0,42.15277483559741,0.4839995115967711,153.78459687123947,3376.0,360.0,2
2020-11-16,46.0,42.28538714834029,0.482761844131326,152.23706377858002,3425.0,378.42857142857144,2
2020-11-17,46.0,42.417999461083184,0.48144512645439586,153.11552346570397,3507.0,401.85714285714283,2
2020-11-18,46.0,42.55061177382606,0.48004935856598063,154.29001203369435,3551.0,418.14285714285717,2
2020-11-19,47.0,42.69346891668321,0.47857454046608033,154.59085439229844,3581.0,437.42857142857144,2
2020-11-20,47.0,42.8260812294261,0.47712920085202043,155.7123947051745,3603.0,453.2857142857143,2
2020-11-21,47.0,42.95869354216898,0.47571333972380075,154.48856799037304,3621.0,449.14285714285717,2
2020-11-22,47.0,43.091305854911866,0.4743269570814214,154.4705174488568,3696.0,457.85714285714283,2
2020-11-23,47.0,43.22391816765475,0.47297005292488264,154.92539109506617,3726.0,461.42857142857144,2
2020-11-24,47.0,43.35653048039764,0.471642627254184,153.79061371841155,3758.0,461.14285714285717,2
2020-11-25,47.0,43.489142793140516,0.4703446800693257,151.82551143200962,3769.0,469.0,2
2020-11-26,48.0,43.63199993599767,0.46907621137030786,150.64139590854393,3815.0,482.0,2
2020-11-27,48.0,43.76461224874055,0.4678633622539669,148.057761732852,3846.0,495.85714285714283,2
2020-11-28,48.0,43.89722456148343,0.466706132720303,148.25150421179302,3880.0,504.42857142857144,2
2020-11-29,48.0,44.029836874226326,0.4656045227693161,148.1985559566787,3891.0,510.7142857142857,2
2020-11-30,48.0,44.162449186969205,0.4645585324010061,146.05655836341757,3916.0,519.8571428571429,2
2020-12-01,48.0,44.295061499712084,0.46356816161537306,145.83273164861612,3912.0,541.1428571428571,2
2020-12-02,48.0,44.427673812454984,0.4626334104124171,147.22021660649818,3949.0,562.0,2
2020-12-03,49.0,44.57053095531212,0.4617542787921381,149.21660649819495,3971.0,589.8571428571429,2
2020-12-04,49.0,44.70314326805501,0.4608908758336319,151.7641395908544,4001.0,616.1428571428571,2
2020-12-05,49.0,44.8357555807979,0.46004320153689865,152.70998796630565,4038.0,632.0,2
2020-12-06,49.0,44.96836789354078,0.4592112559019383,154.4572803850782,4097.0,636.5714285714286,2
2020-12-07,49.0,45.100980206283666,0.4583950389287507,158.25992779783394,4167.0,658.8571428571429,2
2020-12-08,49.0,45.23359251902655,0.4575945506173361,162.55595667870037,4238.0,688.0,2
2020-12-09,49.0,45.36620483176944,0.4568097909676943,167.89891696750902,4259.0,704.1428571428571,2
2020-12-10,50.0,45.50906197462658,0.45604075997982546,173.45246690734055,4319.0,736.4285714285714,2
2020-12-11,50.0,45.64167428736946,0.45533998776153234,179.4717208182912,4414.0,760.2857142857143,2
2020-12-12,50.0,45.77428660011235,0.45470747431281494,185.34777376654634,4475.0,796.5714285714286,2
2020-12-13,50.0,45.90689891285523,0.4541432196336732,188.07460890493383,4541.0,819.0,3
2020-12-14,50.0,46.03951122559812,0.4536472237241073,191.2117930204573,4661.0,838.1428571428571,3
2020-12-15,50.0,46.172123538341005,0.4532194865841172,196.19614921780988,4722.0,860.2857142857143,3
2020-12-16,50.0,46.30473585108388,0.45286000821370276,200.6690734055355,4820.0,891.4285714285714,3
2020-12-17,51.0,46.30473585108388,0.4525687886128641,204.20096269554753,4839.0,903.7142857142857,3
2020-12-18,51.0,46.437348163826776,0.45217759768151705,207.22984356197352,4889.0,913.2857142857143,3
2020-12-19,51.0,46.56996047656967,0.45168643541966175,208.5439229843562,4930.0,913.8571428571429,3
2020-12-20,51.0,46.70257278931255,0.4510953018272982,210.22743682310468,5018.0,917.5714285714286,3
2020-12-21,51.0,46.83518510205543,0.45040419690442624,211.71600481347772,5157.0,930.8571428571429,3
2020-12-22,51.0,46.96779741479832,0.44961312065104597,214.19374247894103,5202.0,957.1428571428571,3
2020-12-23,51.0,47.100409727541205,0.44872207306715745,217.34777376654634,5226.0,983.1428571428571,3
2020-12-24,52.0,47.38612401325549,0.4477310541527606,204.33935018050542,5330.0,918.7142857142857,3
2020-12-25,52.0,47.518736325998375,0.44680245405278685,184.3598074608905,5364.0,842.2857142857143,3
2020-12-26,52.0,47.651348638741254,0.445936272767236,172.1323706377858,5520.0,814.4285714285714,3
2020-12-27,52.0,47.783960951484154,0.4451325102961083,167.2057761732852,5546.0,812.4285714285714,3
2020-12-28,52.0,47.91657326422704,0.44439116663940365,161.71600481347772,5582.0,808.1428571428571,3
2020-12-29,52.0,48.049185576969926,0.443712241797122,160.0216606498195,5637.0,814.8571428571429,3
2020-12-30,52.0,48.1817978897128,0.44309573576926337,156.50902527075812,5630.0,820.0,3
2020-12-31,53.0,48.324655032569936,0.4425416485558277,154.61853188929,5622.0,829.2857142857143,3
2021-01-11,53.0,48.41970040043069,0.44251697780442584,174.04572803850783,5267.0,840.1428571428571,3
2021-01-12,53.0,48.4771788234093,0.44302172351505764,168.2286401925391,5209.0,885.1428571428571,3
2021-01-13,53.0,48.49709030150575,0.4440558856877231,163.56197352587245,5164.0,947.4285714285714,3
2021-01-14,2.0,48.457318345167224,0.44561946432242233,156.68712394705173,5104.0,955.1428571428571,3
2021-01-15,2.0,48.4020959334994,0.44734413405274914,149.18652226233453,5050.0,894.0,3
2021-01-16,2.0,48.30930657694944,0.44922989487870374,145.309265944645,4992.0,787.2857142857143,3
2021-01-17,2.0,48.13269893731711,0.451276746800286,143.05415162454872,4950.0,722.4285714285714,3
2021-01-18,2.0,48.00234263588499,0.4529552733554623,137.85078219013238,4984.0,715.2857142857143,3
2021-01-19,2.0,47.87198633445289,0.4542654745442326,132.88447653429603,4930.0,696.4285714285714,3
2021-01-20,2.0,47.74163003302078,0.4552073503665969,127.33574007220217,4816.0,668.2857142857143,3
2021-01-21,3.0,47.74163003302078,0.4557809008225551,123.01684717208182,4767.0,634.7142857142857,3
2021-01-22,3.0,47.61127373158867,0.45638141130717635,119.08423586040915,4749.0,608.0,3
2021-01-23,3.0,47.48091743015657,0.4570088818204604,116.83754512635379,4639.0,594.8571428571429,3
2021-01-24,3.0,47.35056112872446,0.45766331236240737,114.94223826714801,4607.0,579.1428571428571,3
2021-01-25,3.0,47.220204827292356,0.4583447029330171,112.04211793020457,4604.0,563.4285714285714,3
2021-01-26,3.0,47.08984852586024,0.4590530535322898,108.49458483754513,4559.0,537.2857142857143,3
2021-01-27,3.0,46.95949222442813,0.45978836416022545,104.0806257521059,4487.0,516.1428571428571,3
2021-01-28,4.0,46.95949222442813,0.4605506348168239,99.9265944645006,4428.0,483.0,3
2021-01-29,4.0,46.82913592299603,0.4614125713758824,96.96028880866426,4367.0,460.7142857142857,3
2021-01-30,4.0,46.69877962156392,0.46237417383740115,94.99638989169675,4342.0,440.85714285714283,3
2021-01-31,4.0,46.56842332013181,0.46343544220138,94.00962695547533,4337.0,437.42857142857144,3
2021-02-01,4.0,46.43806701869971,0.4645963764678191,92.94584837545126,4313.0,421.7142857142857,3
2021-02-02,4.0,46.307710717267604,0.46585697663671827,89.08303249097473,4252.0,395.2857142857143,3
2021-02-03,4.0,46.1773544158355,0.4672172427080776,86.1841155234657,4207.0,370.14285714285717,3
2021-02-04,5.0,45.89164013012122,0.46867717468189707,83.96149217809868,4170.0,364.85714285714283,3
2021-02-05,5.0,45.76128382868911,0.4701383474067638,80.88086642599278,4066.0,341.57142857142856,3
2021-02-06,5.0,45.63092752725699,0.4716007608826777,79.01323706377858,3958.0,332.0,3
2021-02-07,5.0,45.50057122582489,0.47306441510963876,77.68110709987967,3926.0,319.57142857142856,3
2021-02-08,5.0,45.37021492439278,0.474529310087647,75.66425992779783,3951.0,309.14285714285717,3
2021-02-09,5.0,45.23985862296068,0.47599544581670244,71.80746089049339,3840.0,296.57142857142856,3
2021-02-10,5.0,45.10950232152857,0.47746282229680503,68.03730445246691,3732.0,277.0,3
2021-02-11,6.0,44.966645178671435,0.47893143952795486,65.45006016847172,3668.0,257.7142857142857,3
2021-02-12,6.0,44.836288877239326,0.4803450298297647,63.687123947051745,3546.0,249.28571428571428,3
2021-02-13,6.0,44.70593257580722,0.48170359320223444,60.32972322503009,3479.0,238.28571428571428,3
2021-02-14,6.0,44.57557627437511,0.48300712964536424,61.13598074608905,3417.0,239.0,3
2021-02-15,6.0,44.445219972943,0.48425563915915404,61.373044524669076,3426.0,232.0,3
2021-02-16,6.0,44.314863671510906,0.4854491217436038,61.54873646209386,3342.0,230.28571428571428,3
2021-02-17,6.0,44.18450737007879,0.48658757739871367,61.2129963898917,3239.0,225.57142857142858,3
2021-02-18,7.0,44.041650227221645,0.4876710061244834,61.05415162454874,3169.0,216.14285714285714,3
2021-02-19,7.0,43.91129392578954,0.488711533636395,61.27797833935018,3114.0,211.57142857142858,3
2021-02-20,7.0,43.780937624357435,0.48970915993444863,63.90854392298436,3068.0,210.85714285714286,3
2021-02-21,7.0,43.65058132292533,0.4906638850186441,63.037304452466906,3049.0,209.57142857142858,3
2021-02-22,7.0,43.520225021493225,0.49157570888898144,63.06257521058965,3053.0,207.85714285714286,3
2021-02-23,7.0,43.38986872006111,0.4924446315454607,64.1985559566787,3030.0,197.42857142857142,3
2021-02-24,7.0,43.25951241862901,0.49327065298808176,65.75330926594465,2950.0,191.14285714285714,3
2021-02-25,8.0,42.97379813291472,0.4940537732168448,66.58243080625752,2891.0,185.42857142857142,3
2021-02-26,8.0,42.843441831482615,0.49492297154004067,67.46209386281589,2841.0,180.0,3
2021-02-27,8.0,42.7130855300505,0.4958782479576693,67.30685920577618,2820.0,176.28571428571428,3
2021-02-28,8.0,42.582729228618405,0.49691960246973077,67.80505415162455,2834.0,172.85714285714286,3
2021-03-01,8.0,42.452372927186296,0.49804703507622505,68.13838748495789,2862.0,170.14285714285714,3
2021-03-02,8.0,42.322016625754195,0.4992605457771521,69.06377858002406,2849.0,166.85714285714286,3
2021-03-03,8.0,42.19166032432208,0.5005601345725121,69.07821901323706,2816.0,158.28571428571428,1
2021-03-04,9.0,41.905946038607794,0.5019458014623048,69.32731648616125,2805.0,153.57142857142858,1
2021-03-05,9.0,41.775589737175686,0.5030434451175877,69.57882069795427,2756.0,147.57142857142858,1
2021-03-06,9.0,41.645233435743584,0.5038530655383605,70.34777376654633,2746.0,147.85714285714286,1
2021-03-07,9.0,41.514877134311476,0.5043746627246234,70.2430806257521,2779.0,149.14285714285714,1
2021-03-08,9.0,41.384520832879375,0.5046082366763766,70.43080625752106,2857.0,145.42857142857142,1
2021-03-09,9.0,41.254164531447266,0.5045537873936196,71.08182912154031,2776.0,143.0,1
2021-03-10,9.0,41.123808230015165,0.5042113148763527,74.31167268351383,2727.0,148.42857142857142,1
2021-03-11,10.0,40.98095108715802,0.503580819124576,77.95066185318893,2748.0,152.85714285714286,1
2021-03-12,10.0,40.85059478572591,0.5030803713111897,81.40794223826715,2747.0,157.57142857142858,1
2021-03-13,10.0,40.7202384842938,0.5027099714361939,84.03489771359807,2713.0,156.57142857142858,1
2021-03-14,10.0,40.58988218286169,0.5024696194995886,85.81107099879664,2767.0,155.57142857142858,1
2021-03-15,10.0,40.45952588142959,0.5023593155013738,88.20216606498195,2825.0,157.28571428571428,1
2021-03-16,10.0,40.32916957999748,0.5023790594415494,93.37184115523466,2844.0,164.85714285714286,1
2021-03-17,10.0,40.198813278565375,0.5025288513201155,98.63898916967509,2849.0,166.0,1
2021-03-18,11.0,40.198813278565375,0.5028086911370722,102.94584837545126,2887.0,171.71428571428572,1
2021-03-19,11.0,40.06845697713327,0.5031307638055847,106.76654632972323,2938.0,175.0,1
2021-03-20,11.0,39.93810067570116,0.5034950693256534,110.06498194945848,2945.0,177.57142857142858,1
2021-03-21,11.0,39.807744374269056,0.503901607697278,111.41034897713598,3044.0,182.0,1
2021-03-22,11.0,39.67738807283695,0.5043503789204585,113.88688327316486,3139.0,184.0,1
2021-03-23,11.0,39.54703177140484,0.5048413829951951,118.29602888086643,3156.0,189.85714285714286,1
2021-03-24,11.0,39.41667546997274,0.5053746199214878,123.45728038507822,3196.0,196.71428571428572,1
2021-03-25,12.0,39.27381832711559,0.5059500896993363,129.67148014440434,3249.0,199.28571428571428,1
2021-03-26,12.0,39.151816681426624,0.5065231594129005,134.87966305655837,3322.0,207.85714285714286,1
2021-03-27,12.0,39.0381696914808,0.5070938290621804,137.96028880866427,3379.0,215.28571428571428,1
2021-03-28,12.0,38.93287735727812,0.5076620986471759,139.91576413959086,3444.0,215.85714285714286,1
2021-03-29,12.0,38.83593967881858,0.5082279681678871,142.45367027677497,3559.0,226.28571428571428,1
2021-03-30,12.0,38.747356656102184,0.5087914376243139,143.5740072202166,3588.0,228.57142857142858,1
2021-03-31,12.0,38.667128289128925,0.5093525070164563,145.20096269554753,3668.0,234.0,1
2021-04-01,13.0,38.80998543198607,0.5099111763443144,144.661853188929,3719.0,233.42857142857142,1
2021-04-02,13.0,38.73811172075595,0.5103032008787644,139.19494584837545,3839.0,225.14285714285714,1
2021-04-03,13.0,38.66623800952584,0.5105285806198061,133.00842358604092,3905.0,222.28571428571428,1
2021-04-04,13.0,38.59436429829572,0.5105873155674397,132.4849578820698,4047.0,224.42857142857142,1
2021-04-05,13.0,38.522490587065604,0.5104794057216654,127.74127557160048,4152.0,214.28571428571428,1
2021-04-06,13.0,38.450616875835486,0.5102048510824827,117.06137184115524,4342.0,210.71428571428572,1
2021-04-07,13.0,38.378743164605375,0.509763651649892,116.73285198555956,4428.0,209.28571428571428,1
2021-04-08,14.0,38.378743164605375,0.5091558074238931,121.93622141997594,4461.0,213.42857142857142,1
2021-04-09,14.0,38.306869453375256,0.5086821247492649,131.32611311672684,4501.0,220.57142857142858,1
2021-04-10,14.0,38.23499574214514,0.5083426036260071,140.26353790613717,4517.0,226.0,1
2021-04-11,14.0,38.16312203091502,0.50813724405412,142.323706377858,4566.0,224.14285714285714,1
2021-04-12,14.0,38.09124831968491,0.5080660460336034,148.41516245487364,4642.0,229.14285714285714,1
2021-04-13,14.0,38.01937460845479,0.5081290095644573,166.7268351383875,4668.0,232.85714285714286,1
2021-04-14,14.0,37.94750089722468,0.5083261346466819,172.5222623345367,4653.0,235.42857142857142,1
2021-04-15,15.0,37.80464375436753,0.5086574212802769,171.68592057761734,4658.0,232.57142857142858,1
2021-04-16,15.0,37.73277004313742,0.509122922398147,171.4283995186522,4714.0,230.57142857142858,1
2021-04-17,15.0,37.6608963319073,0.5097226380002918,170.99398315282792,4760.0,228.0,1
2021-04-18,15.0,37.58902262067719,0.5104565680867117,170.9482551143201,4818.0,230.28571428571428,1
2021-04-19,15.0,37.51714890944707,0.5113247126574063,171.1624548736462,4910.0,232.57142857142858,1
2021-04-20,15.0,37.445275198216954,0.5123270717123759,172.632972322503,4951.0,234.0,1
2021-04-21,15.0,37.373401486986836,0.5134636452516205,173.63056558363417,4970.0,230.85714285714286,1
2021-04-22,16.0,37.23054434412969,0.5147344332751398,174.10709987966305,5034.0,233.42857142857142,1
2021-04-23,16.0,37.15867063289958,0.5158469471120684,173.96028880866427,5037.0,234.85714285714286,2
2021-04-24,16.0,37.08679692166947,0.5168011867624063,174.36341756919373,5008.0,232.85714285714286,2
2021-04-25,16.0,37.01492321043935,0.5175971522261532,174.1913357400722,5040.0,228.57142857142858,2
2021-04-26,16.0,36.94304949920923,0.5182348435033096,174.08303249097472,5106.0,227.71428571428572,2
2021-04-27,16.0,36.87117578797911,0.5187142605938753,170.8531889290012,5050.0,218.85714285714286,2
2021-04-28,16.0,36.79930207674901,0.51903540349785,165.59927797833936,5033.0,210.0,2
2021-04-29,17.0,36.79930207674901,0.5191982722152342,160.7424789410349,5019.0,200.0,2
2021-04-30,17.0,36.72742836551889,0.5191903652540538,156.17208182912154,5011.0,191.0,2
2021-05-01,17.0,36.65555465428877,0.519011682614309,152.60649819494586,4998.0,184.28571428571428,2
2021-05-02,17.0,36.58368094305865,0.5186622242959997,150.17448856799038,5018.0,183.85714285714286,2
2021-05-03,17.0,36.511807231828534,0.518141990299126,146.48255114320096,4997.0,174.0,2
2021-05-04,17.0,36.43993352059842,0.5174509806236878,141.32611311672684,4945.0,169.42857142857142,2
2021-05-05,17.0,36.36805980936831,0.5165891952696852,136.32972322503008,4829.0,164.0,2
2021-05-06,18.0,36.36805980936831,0.5155566342371181,131.1997593261131,4756.0,155.57142857142858,2
2021-05-07,18.0,36.29618609813819,0.5146296250751157,126.76654632972323,4662.0,151.57142857142858,2
2021-05-08,18.0,36.224312386908075,0.513808167783678,123.12635379061372,4596.0,146.14285714285714,2
2021-05-09,18.0,36.15243867567796,0.513092262362805,121.52346570397111,4569.0,142.28571428571428,2
2021-05-10,18.0,36.080564964447845,0.5124819088124967,119.42839951865223,4571.0,137.0,2
2021-05-11,18.0,36.00869125321773,0.5119771071327531,114.34657039711192,4449.0,127.71428571428571,2
2021-05-12,18.0,35.93681754198761,0.5115778573235741,109.08904933814681,4361.0,119.42857142857143,2
2021-05-13,19.0,35.936817541987615,0.51128415938496,100.07220216606498,4244.0,109.0,2
2021-05-14,19.0,35.8649438307575,0.5109448903287076,90.62936221419976,4172.0,99.28571428571429,2
2021-05-15,19.0,35.79307011952738,0.5105600501548172,86.48134777376654,4084.0,96.85714285714286,2
2021-05-16,19.0,35.72119640829726,0.5101296388632888,85.2202166064982,4054.0,94.0,2
2021-05-17,19.0,35.64932269706714,0.5096536564541223,82.63056558363418,4002.0,90.85714285714286,2
2021-05-18,19.0,35.57744898583702,0.5091321029273177,77.30204572803851,3864.0,83.42857142857143,2
2021-05-19,19.0,35.50557527460691,0.5085649782828752,71.06738868832731,3693.0,75.42857142857143,2
2021-05-20,20.0,35.362718131749766,0.5079522825207944,69.5667870036101,3579.0,73.42857142857143,2
2021-05-21,20.0,35.290844420519655,0.50762172793068,69.50782190132371,3460.0,71.0,2
2021-05-22,20.0,35.218970709289536,0.5075733145125317,66.15523465703971,3344.0,66.14285714285714,2
2021-05-23,20.0,35.14709699805942,0.5078070422663498,63.41275571600482,3291.0,62.57142857142857,2
2021-05-24,20.0,35.075223286829306,0.5083229111921339,59.28158844765343,3222.0,54.42857142857143,2
2021-05-25,20.0,35.003349575599195,0.5091209212898844,48.85920577617328,3165.0,49.142857142857146,2
2021-05-26,20.0,34.93147586436908,0.5102010725596011,43.84596871239471,2990.0,47.42857142857143,2
2021-05-27,21.0,34.78861872151193,0.5115633650012841,41.903730445246694,2826.0,44.857142857142854,2
2021-05-28,21.0,34.71674501028182,0.5125903743830135,38.98315282791817,2696.0,40.142857142857146,2
2021-05-29,21.0,34.6448712990517,0.5132821007047895,36.42238267148014,2589.0,37.57142857142857,2
2021-05-30,21.0,34.57299758782158,0.5136385439666119,35.9482551143201,2512.0,36.714285714285715,2
2021-05-31,21.0,34.50112387659147,0.5136597041684811,36.714801444043324,2446.0,37.0,2
2021-06-01,21.0,34.42925016536135,0.5133455813103965,38.442839951865224,2285.0,33.285714285714285,2
2021-06-02,21.0,34.357376454131234,0.5126961753923587,35.25150421179302,2144.0,29.0,2
2021-06-03,22.0,34.214519311274096,0.5117114864143673,30.589651022864018,2029.0,25.571428571428573,2
2021-06-04,22.0,34.14264560004398,0.5109039150748809,27.121540312876053,1962.0,22.571428571428573,2
2021-06-05,22.0,34.07077188881386,0.5102734613738992,25.45728038507822,1889.0,21.0,2
2021-06-06,22.0,33.99889817758375,0.5098201253114227,24.880866425992778,1846.0,20.0,2
2021-06-07,22.0,33.927024466353636,0.509543906887451,24.00240673886883,1789.0,18.142857142857142,2
2021-06-08,22.0,33.85515075512352,0.5094448061019843,22.10589651022864,1693.0,16.285714285714285,2
2021-06-09,22.0,33.7832770438934,0.5095228229550223,20.14801444043321,1591.0,13.285714285714286,2
2021-06-10,23.0,33.64041990103625,0.5097779574465654,19.342960288808666,1499.0,12.0,2
2021-06-11,23.0,33.56987605964819,0.5100956629986254,18.823104693140795,1413.0,11.571428571428571,2
2021-06-12,23.0,33.50066208810217,0.5104759396112022,17.61973525872443,1336.0,9.857142857142858,2
2021-06-13,23.0,33.43277798639819,0.5109187872842958,16.883273164861613,1329.0,9.428571428571429,2
2021-06-14,23.0,33.366223754536264,0.5114242060179065,15.94705174488568,1273.0,9.571428571428571,2
2021-06-15,23.0,33.30099939251638,0.5119921958120339,13.748495788206979,1202.0,9.285714285714286,2
2021-06-16,23.0,33.23710490033856,0.5126227566666783,12.03971119133574,1130.0,9.142857142857142,2
2021-06-17,24.0,33.09424775748141,0.5133158885818395,10.69554753309266,1065.0,8.714285714285714,2
2021-06-18,24.0,33.03168313514563,0.5143528548048737,9.716004813477738,1006.0,7.714285714285714,2
2021-06-19,24.0,32.96911851280984,0.5157336553357809,9.034897713598074,961.0,7.142857142857143,2
2021-06-20,24.0,32.906553890474065,0.517458290174561,8.746089049338147,927.0,6.428571428571429,0
2021-06-21,24.0,32.84398926813828,0.5195267593212141,8.345367027677497,885.0,5.285714285714286,0
2021-06-22,24.0,32.781424645802495,0.52193906277574,7.565583634175692,845.0,5.142857142857143,0
2021-06-23,24.0,32.71886002346671,0.524695200538139,6.910950661853189,807.0,4.285714285714286,0
2021-06-24,25.0,32.71886002346671,0.5277951726084109,6.513838748495788,776.0,4.0,0
2021-06-25,25.0,32.656295401130926,0.5303453704412857,6.164861612515042,731.0,4.285714285714286,0
2021-06-26,25.0,32.59373077879514,0.5323457940367634,5.859205776173285,712.0,4.285714285714286,0
2021-06-27,25.0,32.531166156459356,0.5337964433948439,5.7966305655836345,701.0,4.285714285714286,0
2021-06-28,25.0,32.46860153412358,0.5346973185155273,5.69193742478941,683.0,4.142857142857143,0
2021-06-29,25.0,32.40603691178779,0.5350484193988135,5.500601684717208,660.0,3.7142857142857144,0
2021-06-30,25.0,32.34347228945201,0.5348497460447026,5.45367027677497,611.0,3.4285714285714284,0
2021-07-01,26.0,32.34347228945201,0.5341012984531945,5.315282791817088,588.0,3.4285714285714284,0
2021-07-02,26.0,32.280907667116225,0.5335144589256756,5.231046931407942,563.0,3.0,0
2021-07-03,26.0,32.21834304478044,0.5330892274621457,5.2587244283995185,546.0,3.2857142857142856,0
2021-07-04,26.0,32.155778422444655,0.5328256040626049,5.243080625752106,545.0,3.2857142857142856,0
2021-07-05,26.0,32.09321380010887,0.5327235887270533,5.286401925391095,524.0,3.0,0
2021-07-06,26.0,32.030649177773086,0.5327831814554908,5.482551143200963,506.0,2.857142857142857,0
2021-07-07,26.0,31.968084555437304,0.5330043822479172,5.605294825511432,482.0,3.142857142857143,0
2021-07-08,27.0,31.968084555437304,0.533387191104333,5.90734055354994,467.0,2.7142857142857144,0
2021-07-09,27.0,31.905519933101516,0.5337587962527363,6.241877256317689,450.0,3.2857142857142856,0
2021-07-10,27.0,31.842955310765735,0.5341191976931274,6.580024067388688,433.0,3.7142857142857144,0
2021-07-11,27.0,31.780390688429954,0.5344683954255062,6.703971119133574,430.0,3.4285714285714284,0
2021-07-12,27.0,31.717826066094172,0.5348063894498727,6.995186522262334,433.0,3.7142857142857144,0
2021-07-13,27.0,31.655261443758384,0.535133179766227,7.849578820697954,404.0,3.857142857142857,0
2021-07-14,27.0,31.592696821422603,0.5354487663745688,8.647412755716005,394.0,4.285714285714286,0
2021-07-15,28.0,31.30698253570832,0.5357531492748986,9.320096269554753,393.0,4.285714285714286,0
2021-07-16,28.0,31.244417913372533,0.535709200572946,10.128760529482552,376.0,3.7142857142857144,0
2021-07-17,28.0,31.181853291036752,0.5353169202687112,10.722021660649819,369.0,3.7142857142857144,0
2021-07-18,28.0,31.119288668700964,0.5345763083621943,10.944645006016847,369.0,4.142857142857143,0
