Date,Year,Week,Age,Gender,R-value,1rst_Vac,2nd_Vac,Intensive_Care,Cases,Deaths,Incidence,Hospitalization,Lockdown-Intensity
2020-01-01,,,,,,0.0,0.0,,15,,0.0,,0
2020-01-02,,,,,,0.0,0.0,,14,,0.0,,0
2020-01-03,,,,,,0.0,0.0,,17,,0.0,,0
2020-01-04,,,,,,0.0,0.0,,19,,0.0,,0
2020-01-05,,,,,,0.0,0.0,,18,,0.0,,0
2020-01-06,,,,,,0.0,0.0,,10,,0.0,,0
2020-01-07,,,,,,0.0,0.0,,9,0.2857142857142857,0.12274368231046931,,0
2020-01-08,,,,,,0.0,0.0,,7,0.2857142857142857,0.11311672683513839,,0
2020-01-09,,,,,,0.0,0.0,,7,0.2857142857142857,0.10469314079422383,,0
2020-01-10,,,,,,0.0,0.0,,2,0.2857142857142857,0.08664259927797834,,0
2020-01-11,,,,,,0.0,0.0,,4,0.14285714285714285,0.06859205776173286,,0
2020-01-12,,,,,,0.0,0.0,,7,0.14285714285714285,0.05535499398315283,,0
2020-01-13,,,,,,0.0,0.0,,8,0.14285714285714285,0.052948255114320095,,0
2020-01-14,,,,,,0.0,0.0,,2,0.14285714285714285,0.044524669073405534,,0
2020-01-15,,,,,,0.0,0.0,,5,0.14285714285714285,0.0421179302045728,,0
2020-01-16,,,,,,0.0,0.0,,4,0.14285714285714285,0.03850782190132371,,0
2020-01-17,,,,,,0.0,0.0,,5,0.14285714285714285,0.0421179302045728,,0
2020-01-18,,,,,,0.0,0.0,,3,0.14285714285714285,0.04091456077015644,,0
2020-01-19,,,,,,0.0,0.0,,6,0.14285714285714285,0.039711191335740074,,0
2020-01-20,,,,,,0.0,0.0,,8,0.14285714285714285,0.039711191335740074,,0
2020-01-21,,,,,,0.0,0.0,,4,0.14285714285714285,0.0421179302045728,,0
2020-01-22,,,,,,0.0,0.0,,6,0.14285714285714285,0.04332129963898917,,0
2020-01-23,,,,,,0.0,0.0,,4,0.14285714285714285,0.04332129963898917,,0
2020-01-24,,,,,,0.0,0.0,,6,0.14285714285714285,0.044524669073405534,,0
2020-01-25,,,,,,0.0,0.0,,3,0.14285714285714285,0.044524669073405534,,0
2020-01-26,,,,,,0.0,0.0,,4,0.14285714285714285,0.0421179302045728,,0
2020-01-27,,,,,,0.0,0.0,,8,0.14285714285714285,0.0421179302045728,,0
2020-01-28,,,,,,0.0,0.0,,6,0.14285714285714285,0.044524669073405534,,0
2020-01-29,,,,,,0.0,0.0,,9,0.14285714285714285,0.048134777376654635,,0
2020-01-30,,,,,,0.0,0.0,,10,0.2857142857142857,0.05535499398315283,,0
2020-01-31,,,,,,0.0,0.0,,10,0.14285714285714285,0.06016847172081829,,0
2020-02-01,,,,,,0.0,0.0,,9,0.14285714285714285,0.06738868832731648,,0
2020-02-02,,,,,,0.0,0.0,,11,0.14285714285714285,0.07581227436823104,,0
2020-02-03,,,,,,0.0,0.0,,5,0.2857142857142857,0.07220216606498195,,0
2020-02-04,,,,,,0.0,0.0,,4,0.2857142857142857,0.06979542719614922,,0
2020-02-05,,,,,,0.0,0.0,,4,0.42857142857142855,0.06377858002406739,,0
2020-02-06,,,,,,0.0,0.0,,1,0.2857142857142857,0.052948255114320095,,0
2020-02-07,,,,,,0.0,0.0,,5,0.2857142857142857,0.04693140794223827,,0
2020-02-08,,,,,,0.0,0.0,,,,-0.3846909614155215,,0
2020-02-09,,,,,,0.0,0.0,,6,,0.04332129963898917,,0
2020-02-10,,,,,,0.0,0.0,,14,,0.04693140794223827,,0
2020-02-11,,,,,,0.0,0.0,,10,,0.052948255114320095,,0
2020-02-12,,,,,,0.0,0.0,,5,,0.05415162454873646,,0
2020-02-13,,,,,,0.0,0.0,,4,,0.05415162454873646,,0
2020-02-14,,,,,,0.0,0.0,,6,,0.06016847172081829,,0
2020-02-15,,,,,,0.0,0.0,,15,0.14285714285714285,0.07220216606498195,,0
2020-02-16,,,,,,0.0,0.0,,13,0.14285714285714285,0.08062575210589651,,0
2020-02-17,,,,,,0.0,0.0,,11,0.14285714285714285,0.07701564380264742,,0
2020-02-18,,,,,,0.0,0.0,,16,0.2857142857142857,0.0842358604091456,,0
2020-02-19,,,,,,0.0,0.0,,13,0.42857142857142855,0.09386281588447654,,0
2020-02-20,,,,,,0.0,0.0,,31,0.8571428571428571,0.1263537906137184,,0
2020-02-21,,,,,,0.0,0.0,,18,0.7142857142857143,0.1407942238267148,,0
2020-02-22,,,,,,0.0,0.0,,27,0.7142857142857143,0.1552346570397112,,0
2020-02-23,,,,,,0.0,0.0,,44,0.8571428571428571,0.19253910950661854,,0
2020-02-24,,,,,,0.0,0.0,,69,0.8571428571428571,0.26233453670276774,,0
2020-02-25,,,,,,0.0,0.0,,108,1.0,0.3730445246690734,,0
2020-02-26,,,,,,0.0,0.0,,160,2.0,0.5499398315282792,,0
2020-02-27,,,,,,0.0,0.0,,161,1.8571428571428572,0.7063778580024067,,0
2020-02-28,,,,,,0.0,0.0,,220,2.4285714285714284,0.9494584837545126,,0
2020-02-29,,,,,,0.0,0.0,,191,2.7142857142857144,1.1468110709987966,,0
2020-03-01,,,,,,0.0,0.0,,234,3.142857142857143,1.3754512635379061,,0
2020-03-02,,,,,,0.0,0.0,,297,4.571428571428571,1.6498194945848375,,0
2020-03-03,,,,,,0.0,0.0,,307,5.857142857142857,1.8892900120336944,,0
2020-03-04,,,,,,0.0,0.0,,416,6.142857142857143,2.197352587244284,256,0
2020-03-05,2020.0,10.0,,,,0.0,0.0,,456,7.142857142857143,2.5523465703971118,304,0
2020-03-06,2020.0,10.0,,,2.34,0.0,0.0,,675,9.285714285714286,3.099879663056558,364,0
2020-03-07,2020.0,10.0,,,2.56,0.0,0.0,,817,12.142857142857142,3.8531889290012034,532,0
2020-03-08,2020.0,10.0,,,2.93,0.0,0.0,,1108,14.714285714285714,4.904933814681107,596,1
2020-03-09,2020.0,10.0,,,3.13,0.0,0.0,,1772,17.0,6.679903730445247,640,1
2020-03-10,2020.0,10.0,,,3.22,0.0,0.0,,2258,20.428571428571427,9.027677496991576,732,1
2020-03-11,2020.0,10.0,43.41630741741754,,3.12,0.0,0.0,,2825,25.857142857142858,11.926594464500601,884,1
2020-03-12,2020.0,11.0,43.70202170313183,,2.84,0.0,0.0,,3156,33.142857142857146,15.175691937424789,1052,1
2020-03-13,2020.0,11.0,44.15376188805027,,2.5,0.0,0.0,,3911,41.57142857142857,19.069795427196148,1288,1
2020-03-14,2020.0,11.0,44.589241638089746,,2.18,0.0,0.0,,3899,47.142857142857146,22.778580024067388,1576,1
2020-03-15,2020.0,11.0,45.00843063966153,,1.99,0.0,0.0,,4049,57.857142857142854,26.31768953068592,1800,1
2020-03-16,2020.0,11.0,45.41131367164307,,1.74,0.0,0.0,,5477,73.57142857142857,30.776173285198556,2100,1
2020-03-17,2020.0,11.0,45.79789027490856,,1.56,0.0,0.0,,4937,86.85714285714286,34.0,2744,2
2020-03-18,2020.0,11.0,46.168174421859604,,1.39,0.0,0.0,,5151,100.57142857142857,36.79903730445247,3440,2
2020-03-19,2020.0,12.0,46.168174421859604,,1.24,0.0,0.0,,4593,110.14285714285714,38.52827918170878,4516,2
2020-03-20,2020.0,12.0,46.50597164714947,,1.13,0.0,0.0,400,5194,127.28571428571429,40.07220216606498,5616,2
2020-03-21,2020.0,12.0,46.827601617800575,,1.04,0.0,0.0,616,4232,139.14285714285714,40.47292418772563,6760,2
2020-03-22,2020.0,12.0,47.13313272763053,,0.98,0.0,0.0,728,3418,143.71428571428572,39.7135980746089,8068,3
2020-03-23,2020.0,12.0,47.422646149637536,,0.92,0.0,0.0,902,4963,161.14285714285714,39.09506618531889,8924,3
2020-03-24,2020.0,12.0,47.69623550553099,,0.9,0.0,0.0,1232,4037,173.14285714285714,38.01203369434416,10116,3
2020-03-25,2020.0,12.0,47.95400653526219,,0.9,0.0,0.0,1578,4560,189.42857142857142,37.30084235860409,11968,3
2020-03-26,2020.0,13.0,48.38257796383362,,0.88,0.0,0.0,1648,4262,204.14285714285714,36.90252707581227,13916,3
2020-03-27,2020.0,13.0,48.609076381714665,,0.9,0.0,0.0,1810,4434,212.28571428571428,35.98796630565584,15872,3
2020-03-28,2020.0,13.0,48.8201430980447,,0.9,0.0,0.0,2002,3939,229.57142857142858,35.63537906137184,17824,3
2020-03-29,2020.0,13.0,49.01592902104877,,0.9,0.0,0.0,2126,3033,236.42857142857142,35.17208182912154,19440,3
2020-03-30,2020.0,13.0,49.19659552484692,,0.92,0.0,0.0,2406,4368,244.0,34.4560770156438,20572,3
2020-03-31,2020.0,13.0,49.36231411898485,0.5037208296687307,0.93,0.0,0.0,3100,3965,252.0,34.36943441636583,21900,3
2020-04-01,2020.0,13.0,49.51326611796456,0.5036027021622259,0.93,0.0,0.0,3568,4446,259.42857142857144,34.23225030084236,23608,3
2020-04-02,2020.0,14.0,49.941837546535986,0.5028803089551827,0.95,0.0,0.0,4204,4238,273.7142857142857,34.203369434416366,24512,3
2020-04-03,2020.0,14.0,50.063837866183654,0.5021635220575213,0.93,0.0,0.0,4722,4363,285.85714285714283,34.1179302045728,25036,3
2020-04-04,2020.0,14.0,50.171671059223236,0.5014521474267937,0.92,0.0,0.0,4942,3263,281.2857142857143,33.30445246690734,25400,3
2020-04-05,2020.0,14.0,50.26555435528825,0.5007459932644198,0.89,0.0,0.0,5056,2636,284.85714285714283,32.82671480144404,24928,3
2020-04-06,2020.0,14.0,50.34571313662168,0.500044870005909,0.89,0.0,0.0,5102,3499,282.85714285714283,31.780986762936223,24396,3
2020-04-07,2020.0,14.0,50.41238060760664,0.4993485903110804,0.87,0.0,0.0,5282,3455,282.0,31.167268351383875,24128,3
2020-04-08,2020.0,14.0,50.465797464296955,0.49865696905428336,0.85,0.0,0.0,5308,3435,277.0,29.95066185318893,23132,3
2020-04-09,2020.0,15.0,50.608654607154094,0.4980034460531954,0.83,0.0,0.0,5428,3280,266.0,28.79783393501805,22476,3
2020-04-10,2020.0,15.0,50.636320637752696,0.4973542178433118,0.81,0.0,0.0,5404,2571,246.0,26.641395908543924,21752,3
2020-04-11,2020.0,15.0,50.65149978754888,0.496709105883897,0.81,0.0,0.0,5304,2333,236.85714285714286,25.522262334536702,19892,3
2020-04-12,2020.0,15.0,50.65445941458575,0.4960679338096291,0.79,0.0,0.0,5304,1904,229.85714285714286,24.641395908543924,19188,3
2020-04-13,2020.0,15.0,50.645472716230344,0.49543052742081917,0.79,0.0,0.0,5438,1782,205.57142857142858,22.57521058965102,18936,3
2020-04-14,2020.0,15.0,50.6248183987042,0.49479671467363345,0.78,0.0,0.0,5444,2060,190.57142857142858,20.896510228640192,17428,3
2020-04-15,2020.0,15.0,50.59278034661408,0.49416632567031266,0.76,0.0,0.0,5470,2223,174.28571428571428,19.438026474127557,16252,3
2020-04-16,2020.0,16.0,50.44992320375694,0.4940211838736946,0.78,0.0,0.0,5620,2147,156.71428571428572,18.074608904933815,15468,3
2020-04-17,2020.0,16.0,50.39598839755291,0.4938791324245314,0.8,0.0,0.0,5758,2181,146.57142857142858,17.605294825511432,14612,3
2020-04-18,2020.0,16.0,50.3315492762225,0.4937400078046133,0.81,0.0,0.0,5856,1650,136.57142857142858,16.783393501805055,14580,3
2020-04-19,2020.0,16.0,50.25690713321949,0.49360364860268824,0.84,0.0,0.0,5740,1294,129.14285714285714,16.04933814681107,14020,3
2020-04-20,2020.0,16.0,50.17236678803602,0.4934698955046825,0.84,0.0,0.0,5800,1617,128.57142857142858,15.85078219013237,13540,3
2020-04-21,2020.0,16.0,50.07823625573319,0.4933385912839216,0.82,0.0,0.0,5710,1502,120.28571428571429,15.179302045728038,13672,3
2020-04-22,2020.0,16.0,49.97482641647173,0.49320958079135063,0.83,0.0,0.0,5478,1709,110.85714285714286,14.560770156438027,12972,3
2020-04-23,2020.0,17.0,49.83196927361458,0.4934608093017116,0.81,0.0,0.0,5440,1578,106.85714285714286,13.876052948255115,11980,3
2020-04-24,2020.0,17.0,49.71094326896971,0.4937140274358947,0.81,0.0,0.0,5288,1460,98.14285714285714,13.008423586040914,10920,3
2020-04-25,2020.0,17.0,49.58158448375246,0.4939690862190284,0.83,0.0,0.0,5076,1124,92.71428571428571,12.375451263537906,10112,3
2020-04-26,2020.0,17.0,49.44421195382836,0.49422583871474346,0.82,0.0,0.0,5048,797,83.42857142857143,11.777376654632972,9560,3
2020-04-27,2020.0,17.0,49.29914592781574,0.4944841400153937,0.82,0.0,0.0,4932,1170,75.14285714285714,11.239470517448856,8956,3
2020-04-28,2020.0,17.0,49.14670753661637,0.49474384723227666,0.81,0.0,0.0,4782,1073,70.42857142857143,10.723225030084237,8228,3
2020-04-29,2020.0,17.0,48.987218462946046,0.49500481948585445,0.81,0.0,0.0,4620,1085,65.57142857142857,9.972322503008424,7856,3
2020-04-30,2020.0,18.0,48.70150417723176,0.49544219245435267,0.81,0.0,0.0,4470,1131,59.42857142857143,9.434416365824308,7068,3
2020-05-01,2020.0,18.0,48.52887934167639,0.49588055468884557,0.82,0.0,0.0,4236,867,54.857142857142854,8.720818291215403,6840,3
2020-05-02,2020.0,18.0,48.350168877988196,0.49631977127861227,0.85,0.0,0.0,4092,686,49.57142857142857,8.193742478941035,6152,3
2020-05-03,2020.0,18.0,48.16569337144556,0.4967597092829791,0.86,0.0,0.0,4022,599,47.857142857142854,7.955475330926594,5636,3
2020-05-04,2020.0,18.0,47.97577230679412,0.4972002377215401,0.89,0.0,0.0,3952,828,44.714285714285715,7.543922984356198,5444,3
2020-05-05,2020.0,18.0,47.780723737777336,0.4976412275643777,0.9,0.0,0.0,3806,892,40.714285714285715,7.326113116726835,5152,3
2020-05-06,2020.0,18.0,47.580863956667194,0.4980825517222832,0.89,0.0,0.0,3640,915,35.714285714285715,7.121540312876053,4760,1
2020-05-07,2020.0,19.0,47.43800681381005,0.49861215172273415,0.9,0.0,0.0,3526,842,32.42857142857143,6.773766546329723,4652,1
2020-05-08,2020.0,19.0,47.22946478709631,0.49914183764284603,0.89,0.0,0.0,3318,801,32.0,6.6943441636582435,4404,1
2020-05-09,2020.0,19.0,47.017046551582474,0.49967148815686135,0.87,0.0,0.0,3188,608,29.571428571428573,6.6004813477737665,4436,1
2020-05-10,2020.0,19.0,46.801058048960876,0.5002009838406145,0.87,0.0,0.0,3206,446,29.714285714285715,6.416365824308063,4368,1
2020-05-11,2020.0,19.0,46.5818018071055,0.5007302071617525,0.85,0.0,0.0,3174,682,26.714285714285715,6.240673886883273,4324,1
2020-05-12,2020.0,19.0,46.35957660960264,0.501259042469955,0.85,0.0,0.0,2992,640,23.571428571428573,5.937424789410349,4260,1
2020-05-13,2020.0,19.0,46.13467716528152,0.5017873759871557,0.85,0.0,0.0,2768,702,23.571428571428573,5.681107099879663,4008,1
2020-05-14,2020.0,20.0,45.84896287956724,0.502246861790047,0.89,0.0,0.0,2632,627,20.714285714285715,5.422382671480144,3672,1
2020-05-15,2020.0,20.0,45.619581116722266,0.5027056238234473,0.92,0.0,0.0,2464,733,20.285714285714285,5.340553549939831,3360,1
2020-05-16,2020.0,20.0,45.388381480310706,0.5031635538673757,0.93,0.0,0.0,2346,504,22.571428571428573,5.21540312876053,3232,1
2020-05-17,2020.0,20.0,45.155639075439915,0.5036205455349873,0.96,0.0,0.0,2250,394,20.857142857142858,5.152827918170878,3116,1
2020-05-18,2020.0,20.0,44.92162328011334,0.5040764942627941,0.92,0.0,0.0,2244,627,19.428571428571427,5.086642599277979,3044,1
2020-05-19,2020.0,20.0,44.68659741476115,0.5045312973008864,0.92,0.0,0.0,2174,528,19.0,4.951865222623345,2736,1
2020-05-20,2020.0,20.0,44.45081841177095,0.5049848537031524,0.91,0.0,0.0,2038,701,19.571428571428573,4.950661853188929,2596,1
2020-05-21,2020.0,21.0,44.30796126891381,0.5053890761604166,0.85,0.0,0.0,1998,405,18.142857142857142,4.683513838748496,2496,1
2020-05-22,2020.0,21.0,44.071419583841035,0.5057918554619092,0.83,0.0,0.0,1942,435,15.571428571428571,4.324909747292419,2236,1
2020-05-23,2020.0,21.0,43.83485394233362,0.5061930960142375,0.82,0.0,0.0,1856,353,13.714285714285714,4.1432009626955475,2116,1
2020-05-24,2020.0,21.0,43.5984925185669,0.50659270398869,0.81,0.0,0.0,1792,291,12.714285714285714,4.0192539109506615,2076,1
2020-05-25,2020.0,21.0,43.362555660072495,0.5069905873114574,0.87,0.0,0.0,1766,452,12.285714285714286,3.808664259927798,2052,1
2020-05-26,2020.0,21.0,43.12725575457275,0.5073866556538521,0.89,0.0,0.0,1620,564,12.428571428571429,3.851985559566787,2088,1
2020-05-27,2020.0,21.0,42.892797162583044,0.5077808204225299,0.91,0.0,0.0,1498,528,10.0,3.643802647412756,1960,1
2020-05-28,2020.0,22.0,42.60708287686875,0.5081844951654461,0.94,0.0,0.0,1446,434,10.285714285714286,3.67870036101083,1828,1
2020-05-29,2020.0,22.0,42.374887941688506,0.5085860943148688,0.92,0.0,0.0,1444,380,9.142857142857142,3.61251504211793,1920,1
2020-05-30,2020.0,22.0,42.14409953387475,0.5089855344248069,0.92,0.0,0.0,1422,348,8.285714285714286,3.6064981949458486,1784,1
2020-05-31,2020.0,22.0,41.914890447844904,0.5093827337454949,0.87,0.0,0.0,1394,215,8.428571428571429,3.5150421179302045,1748,1
2020-06-01,2020.0,22.0,41.68742588659414,0.5097776122136141,0.89,0.0,0.0,1392,240,8.0,3.259927797833935,1688,1
2020-06-02,2020.0,22.0,41.46186359160156,0.5101700914425124,0.89,0.0,0.0,1382,341,6.857142857142857,2.9915764139590855,1472,1
2020-06-03,2020.0,22.0,41.23835397273623,0.5105600947124256,0.91,0.0,0.0,1262,464,5.857142857142857,2.914560770156438,1356,1
2020-06-04,2020.0,23.0,40.809782544164804,0.5108524970354583,0.95,0.0,0.0,1190,438,5.285714285714286,2.9193742478941034,1372,1
2020-06-05,2020.0,23.0,40.590800830251624,0.5111422749215234,0.96,0.0,0.0,1168,381,5.571428571428571,2.92057761732852,1276,1
2020-06-06,2020.0,23.0,40.37428033147383,0.5114293565928439,0.96,0.0,0.0,1122,276,5.857142857142857,2.8339350180505414,1240,1
2020-06-07,2020.0,23.0,40.160343430321426,0.511713671899413,1.01,0.0,0.0,1132,184,5.571428571428571,2.796630565583634,1232,1
2020-06-08,2020.0,23.0,39.949105827204924,0.511995152309215,1.03,0.0,0.0,1086,367,5.142857142857143,2.949458483754513,1228,1
2020-06-09,2020.0,23.0,39.74067667036142,0.5122737308984462,1.04,0.0,0.0,1032,404,5.0,3.0252707581227436,1248,1
2020-06-10,2020.0,23.0,39.53515868576067,0.512549342341735,1.06,0.0,0.0,966,488,5.285714285714286,3.0541516245487363,1204,1
2020-06-11,2020.0,24.0,39.249444400046386,0.5128181781139379,1.05,0.0,0.0,904,304,5.0,2.8929001203369435,1136,1
2020-06-12,2020.0,24.0,39.050031898301754,0.5130839208456354,1.07,0.0,0.0,900,372,6.142857142857143,2.882069795427196,1064,1
2020-06-13,2020.0,24.0,38.85380151216635,0.5133465099480767,1.11,0.0,0.0,882,344,5.714285714285714,2.963898916967509,1124,1
2020-06-14,2020.0,24.0,38.66083157760169,0.5136058863918267,1.19,0.0,0.0,876,259,5.428571428571429,3.0541516245487363,1100,1
2020-06-15,2020.0,24.0,38.471194657832484,0.5138619926969857,1.43,0.0,0.0,868,405,5.571428571428571,3.099879663056558,1160,1
2020-06-16,2020.0,24.0,38.284957673252734,0.5141147729234107,1.48,0.0,0.0,842,849,5.714285714285714,3.6353790613718413,1180,1
2020-06-17,2020.0,24.0,38.102182031331836,0.5143641726609351,1.47,0.0,0.0,814,692,5.428571428571429,3.88086642599278,1264,1
2020-06-18,2020.0,25.0,37.95932488847469,0.5150265894736477,1.42,0.0,0.0,788,637,5.285714285714286,4.281588447653429,1228,1
2020-06-19,2020.0,25.0,37.78363475211167,0.5156855215279412,1.19,0.0,0.0,748,805,4.0,4.802647412755716,1296,1
2020-06-20,2020.0,25.0,37.611558402328974,0.5163409189449047,1.13,0.0,0.0,718,497,4.571428571428571,4.98676293622142,1308,1
2020-06-21,2020.0,25.0,37.44313649395854,0.516992733336487,1.04,0.0,0.0,700,315,4.714285714285714,5.054151624548736,1332,1
2020-06-22,2020.0,25.0,37.27840481843817,0.5176409177957167,0.83,0.0,0.0,726,488,4.571428571428571,5.154031287605295,1296,1
2020-06-23,2020.0,25.0,37.11739443371768,0.5182854268869244,0.76,0.0,0.0,716,498,4.714285714285714,4.731648616125151,1312,1
2020-06-24,2020.0,25.0,36.96013179416496,0.5189262166359615,0.73,0.0,0.0,706,479,4.285714285714286,4.475330926594465,1284,1
2020-06-25,2020.0,26.0,37.1029889370221,0.5195538948585181,0.73,0.0,0.0,716,477,5.0,4.282791817087846,1292,1
2020-06-26,2020.0,26.0,36.953283386111465,0.5201777701360556,0.83,0.0,0.0,718,501,5.285714285714286,3.916967509025271,1308,1
2020-06-27,2020.0,26.0,36.80737862104179,0.5207978028203148,0.87,0.0,0.0,686,328,4.428571428571429,3.713598074608905,1288,1
2020-06-28,2020.0,26.0,36.665283980914346,0.5214139546854412,0.89,0.0,0.0,670,269,3.857142857142857,3.658243080625752,1236,1
2020-06-29,2020.0,26.0,36.52700485077894,0.5220261889182048,0.93,0.0,0.0,658,455,4.0,3.6185318892900122,1188,1
2020-06-30,2020.0,26.0,36.39254279154009,0.522634470108222,0.95,0.0,0.0,666,448,3.2857142857142856,3.558363417569194,1216,1
2020-07-01,2020.0,26.0,36.2618956698631,0.5232387642381747,0.94,0.0,0.0,648,440,3.7142857142857144,3.5114320096269553,1164,1
2020-07-02,2020.0,27.0,36.119038527005955,0.5230645730955832,0.93,0.0,0.0,650,405,3.5714285714285716,3.424789410348977,1120,1
2020-07-03,2020.0,27.0,35.99600075304402,0.522886330998374,0.9,0.0,0.0,628,411,3.2857142857142856,3.3164861612515044,1080,1
2020-07-04,2020.0,27.0,35.876750650940835,0.5227040080497526,0.92,0.0,0.0,640,290,3.2857142857142856,3.270758122743682,1060,1
2020-07-05,2020.0,27.0,35.76127261338669,0.5225175757068735,0.92,0.0,0.0,598,242,3.857142857142857,3.2382671480144403,1052,1
2020-07-06,2020.0,27.0,35.649547996858324,0.522327006771061,0.93,0.0,0.0,610,374,3.7142857142857144,3.1407942238267146,1052,1
2020-07-07,2020.0,27.0,35.541555259366724,0.5221322753780299,0.93,0.0,0.0,584,381,4.285714285714286,3.0601684717208184,1020,1
2020-07-08,2020.0,27.0,35.43727010081882,0.5219333569881055,0.95,0.0,0.0,574,396,3.857142857142857,3.0072202166064983,1004,1
2020-07-09,2020.0,28.0,35.43727010081882,0.5217024230027926,1.01,0.0,0.0,544,381,3.7142857142857144,2.9783393501805056,1068,1
2020-07-10,2020.0,28.0,35.34031688493278,0.5214672568759535,1.07,0.0,0.0,552,452,3.5714285714285716,3.0276774969915765,1040,1
2020-07-11,2020.0,28.0,35.246983241236805,0.521227837983071,1.12,0.0,0.0,506,348,3.7142857142857144,3.0974729241877257,1000,1
2020-07-12,2020.0,28.0,35.15723528919548,0.5209841469851217,1.17,0.0,0.0,508,236,3.142857142857143,3.0902527075812274,1028,1
2020-07-13,2020.0,28.0,35.071037122691045,0.5207361658187963,1.19,0.0,0.0,526,474,3.142857142857143,3.210589651022864,1032,1
2020-07-14,2020.0,28.0,34.98835095822676,0.5204838776867208,1.23,0.0,0.0,512,468,3.0,3.3152827918170877,1044,1
2020-07-15,2020.0,28.0,34.90913728313029,0.5202272670476764,1.23,0.0,0.0,492,579,3.2857142857142856,3.5354993983152827,1052,1
2020-07-16,2020.0,29.0,34.90913728313029,0.5203446698942482,1.19,0.0,0.0,502,490,3.7142857142857144,3.6666666666666665,1088,1
2020-07-17,2020.0,29.0,34.83674387306696,0.5204577228807643,1.17,0.0,0.0,492,528,3.7142857142857144,3.7581227436823106,1164,1
2020-07-18,2020.0,29.0,34.76769552133463,0.5205664141757971,1.14,0.0,0.0,492,500,3.7142857142857144,3.9410348977135983,1232,1
2020-07-19,2020.0,29.0,34.701947280592364,0.5206707331649576,1.16,0.0,0.0,498,388,4.857142857142857,4.123947051744886,1248,1
2020-07-20,2020.0,29.0,34.63945321534049,0.5207706704411159,1.17,0.0,0.0,490,611,5.428571428571429,4.2888086642599275,1284,1
2020-07-21,2020.0,29.0,34.58016655012401,0.5208662177946216,1.19,0.0,0.0,502,598,5.285714285714286,4.445246690734056,1320,1
2020-07-22,2020.0,29.0,34.524039817735996,0.520957368203525,1.2,0.0,0.0,496,680,5.428571428571429,4.566787003610108,1368,1
2020-07-23,2020.0,30.0,34.52403981773599,0.5208215347337962,1.19,0.0,0.0,468,634,5.0,4.740072202166065,1364,1
2020-07-24,2020.0,30.0,34.47408852339307,0.5206812937995488,1.17,0.0,0.0,470,735,4.857142857142857,4.9891696750902526,1320,1
2020-07-25,2020.0,30.0,34.42715209177977,0.5205366418832581,1.14,0.0,0.0,494,589,5.0,5.0962695547533094,1332,1
2020-07-26,2020.0,30.0,34.383181770715076,0.5203875766159821,1.12,0.0,0.0,530,459,4.428571428571429,5.1817087845968715,1384,1
2020-07-27,2020.0,30.0,34.342128857282916,0.5202340967675828,1.09,0.0,0.0,514,687,4.428571428571429,5.273164861612515,1340,1
2020-07-28,2020.0,30.0,34.303944846035506,0.5200762022369464,1.06,0.0,0.0,506,731,4.285714285714286,5.433212996389892,1372,1
2020-07-29,2020.0,30.0,34.26858157719675,0.5199138940422041,1.06,0.0,0.0,510,777,4.142857142857143,5.549939831528279,1392,1
2020-07-30,2020.0,31.0,34.26858157719675,0.5196111684461091,1.05,0.0,0.0,520,749,4.285714285714286,5.688327316486161,1432,1
2020-07-31,2020.0,31.0,34.23871743755065,0.5193040345407884,1.08,0.0,0.0,518,847,6.0,5.823104693140794,1480,1
2020-08-01,2020.0,31.0,34.211533117048795,0.5189924966434325,1.13,0.0,0.0,510,694,5.714285714285714,5.949458483754513,1480,1
2020-08-02,2020.0,31.0,34.186983320635576,0.5186765601513592,1.17,0.0,0.0,534,562,5.428571428571429,6.073405535499398,1460,1
2020-08-03,2020.0,31.0,34.165023839943984,0.5183562315322351,1.19,0.0,0.0,526,914,5.142857142857143,6.346570397111913,1544,1
2020-08-04,2020.0,31.0,34.145611701498936,0.5180315183142954,1.19,0.0,0.0,516,939,5.285714285714286,6.596871239470517,1544,1
2020-08-05,2020.0,31.0,34.12870531492066,0.5177024290765652,1.17,0.0,0.0,476,1002,4.714285714285714,6.8676293622142,1644,1
2020-08-06,2020.0,32.0,33.842991029206374,0.5176244489933626,1.17,0.0,0.0,472,1064,4.571428571428571,7.246690734055355,1616,1
2020-08-07,2020.0,32.0,33.83097764836031,0.5175421131616712,1.16,0.0,0.0,452,1048,3.142857142857143,7.488567990373045,1612,1
2020-08-08,2020.0,32.0,33.82135502077979,0.5174554332542095,1.13,0.0,0.0,456,833,3.5714285714285716,7.6558363417569195,1652,1
2020-08-09,2020.0,32.0,33.814088523655734,0.5173644219553678,1.14,0.0,0.0,468,616,3.7142857142857144,7.720818291215403,1676,1
2020-08-10,2020.0,32.0,33.809145556795045,0.5172690929514298,1.14,0.0,0.0,454,1262,4.142857142857143,8.1395908543923,1620,1
2020-08-11,2020.0,32.0,33.806495597135225,0.5171694609207923,1.16,0.0,0.0,460,1231,4.142857142857143,8.490974729241877,1700,1
2020-08-12,2020.0,32.0,33.806110222029346,0.517065541524187,1.18,0.0,0.0,440,1456,5.142857142857143,9.037304452466907,1620,1
2020-08-13,2020.0,33.0,33.52039593631506,0.5172453484772809,1.17,0.0,0.0,446,1408,5.428571428571429,9.451263537906136,1688,1
2020-08-14,2020.0,33.0,33.52446279334616,0.5174209022937557,1.15,0.0,0.0,460,1341,5.714285714285714,9.803850782190132,1760,1
2020-08-15,2020.0,33.0,33.530721341957346,0.5175922215226701,1.12,0.0,0.0,456,960,5.714285714285714,9.95667870036101,1788,1
2020-08-16,2020.0,33.0,33.53915121626625,0.5177593256562999,1.07,0.0,0.0,448,804,5.428571428571429,10.182912154031287,1744,1
2020-08-17,2020.0,33.0,33.54973390028316,0.5179222351203581,1.06,0.0,0.0,452,1560,5.142857142857143,10.541516245487365,1784,1
2020-08-18,2020.0,33.0,33.56245265750726,0.5180809712642164,1.03,0.0,0.0,438,1518,5.285714285714286,10.886883273164862,1784,1
2020-08-19,2020.0,33.0,33.57729246052282,0.5182355563511255,0.99,0.0,0.0,452,1559,4.857142857142857,11.010830324909747,1824,1
2020-08-20,2020.0,34.0,33.57729246052281,0.5183713749209714,0.97,0.0,0.0,458,1382,4.571428571428571,10.979542719614921,1776,1
2020-08-21,2020.0,34.0,33.59633575719524,0.518503089662889,0.95,0.0,0.0,470,1502,3.7142857142857144,11.173285198555957,1768,1
2020-08-22,2020.0,34.0,33.61746456788415,0.5186307255230902,0.95,0.0,0.0,460,1057,3.2857142857142856,11.290012033694344,1764,1
2020-08-23,2020.0,34.0,33.64066999747591,0.5187543083225481,0.97,0.0,0.0,484,844,3.4285714285714284,11.338146811070999,1796,1
2020-08-24,2020.0,34.0,33.665944507922895,0.5188738647472183,0.98,0.0,0.0,486,1502,3.0,11.26835138387485,1752,1
2020-08-25,2020.0,34.0,33.69328184783966,0.51898942233826,0.98,0.0,0.0,446,1538,2.857142857142857,11.292418772563177,1712,1
2020-08-26,2020.0,34.0,33.72267698209912,0.5191010094822551,0.98,0.0,0.0,450,1471,2.2857142857142856,11.186522262334536,1656,1
2020-08-27,2020.0,35.0,33.72267698209912,0.5190307693880333,0.98,0.0,0.0,476,1411,2.2857142857142856,11.221419975932612,1596,1
2020-08-28,2020.0,35.0,33.756177112677086,0.5189566181170834,0.98,0.0,0.0,468,1307,3.142857142857143,10.98676293622142,1580,1
2020-08-29,2020.0,35.0,33.79172652572855,0.5188785865335831,0.97,0.0,0.0,478,895,3.5714285714285716,10.791817087845969,1524,1
2020-08-30,2020.0,35.0,33.82932434712172,0.5187967063080159,0.96,0.0,0.0,486,776,3.4285714285714284,10.709987966305656,1480,1
2020-08-31,2020.0,35.0,33.86897056696412,0.5187110099073926,0.98,0.0,0.0,488,1286,3.7142857142857144,10.45006016847172,1496,1
2020-09-01,2020.0,35.0,33.91066596919876,0.5186215305854719,1.01,0.0,0.0,466,1458,4.0,10.353790613718411,1472,1
2020-09-02,2020.0,35.0,33.95441206120029,0.5185283023729802,1.03,0.0,0.0,452,1352,5.0,10.210589651022865,1512,1
2020-09-03,2020.0,36.0,34.09726920405743,0.5183283404895153,1.06,0.0,0.0,442,1388,5.142857142857143,10.182912154031287,1512,1
2020-09-04,2020.0,36.0,34.145123739424285,0.5181247000687208,1.06,0.0,0.0,446,1515,5.714285714285714,10.433212996389893,1496,1
2020-09-05,2020.0,36.0,34.195037123233845,0.5179174174135525,1.08,0.0,0.0,440,1165,6.0,10.75812274368231,1520,1
2020-09-06,2020.0,36.0,34.24701305254926,0.517706529564817,1.1,0.0,0.0,432,990,6.571428571428571,11.015643802647412,1604,1
2020-09-07,2020.0,36.0,34.3010555958463,0.5174920742913931,1.09,0.0,0.0,454,1670,7.142857142857143,11.477737665463298,1628,1
2020-09-08,2020.0,36.0,34.35716912260947,0.5172740900804513,1.1,0.0,0.0,458,1643,8.428571428571429,11.700361010830324,1624,1
2020-09-09,2020.0,36.0,34.41535823292826,0.5170526161276757,1.11,0.0,0.0,450,1718,8.428571428571429,12.140794223826715,1620,1
2020-09-10,2020.0,37.0,34.70107251864255,0.5167838095161569,1.12,0.0,0.0,460,1681,8.857142857142858,12.49338146811071,1716,1
2020-09-11,2020.0,37.0,34.763427166741835,0.5165115936405934,1.15,0.0,0.0,436,1681,9.285714285714286,12.693140794223826,1788,1
2020-09-12,2020.0,37.0,34.82787187825682,0.516236009763532,1.14,0.0,0.0,462,1438,10.0,13.021660649819495,1800,1
2020-09-13,2020.0,37.0,34.89441147165869,0.5159570998169152,1.15,0.0,0.0,468,1208,10.0,13.283995186522262,1832,1
2020-09-14,2020.0,37.0,34.963050644004504,0.5156749063923018,1.15,0.0,0.0,466,1974,10.142857142857142,13.649819494584838,1904,1
2020-09-15,2020.0,37.0,35.03379390053342,0.5153894727310876,1.14,0.0,0.0,464,1970,9.714285714285714,14.04332129963899,2024,1
2020-09-16,2020.0,37.0,35.10664548426281,0.5151008427147261,1.12,0.0,0.0,456,2060,10.428571428571429,14.454873646209386,2208,1
2020-09-17,2020.0,38.0,35.24950262711996,0.5147357029920016,1.07,0.0,0.0,468,1968,11.142857142857142,14.800240673886883,2332,1
2020-09-18,2020.0,38.0,35.32658219339648,0.5143674565580921,1.03,0.0,0.0,486,1939,11.428571428571429,15.110709987966306,2564,1
2020-09-19,2020.0,38.0,35.405780538557096,0.5139961491559486,1.01,0.0,0.0,506,1475,12.285714285714286,15.155234657039712,2748,1
2020-09-20,2020.0,38.0,35.487100152694055,0.5136218271294616,1.01,0.0,0.0,530,1215,14.142857142857142,15.163658243080626,2736,1
2020-09-21,2020.0,38.0,35.570542911658855,0.5132445374136829,1.02,0.0,0.0,530,2068,14.428571428571429,15.276774969915763,2740,1
2020-09-22,2020.0,38.0,35.65611000665832,0.5128643275250461,1.04,0.0,0.0,548,2040,15.857142857142858,15.36101083032491,2852,1
2020-09-23,2020.0,38.0,35.743801873850835,0.5124812455515869,1.06,0.0,0.0,578,2121,15.571428571428571,15.434416365824308,2828,1
2020-09-24,2020.0,39.0,35.88665901670798,0.5121510982568683,1.09,0.0,0.0,582,2143,16.428571428571427,15.645006016847173,2964,1
2020-09-25,2020.0,39.0,35.97859836454894,0.5118181767290885,1.11,0.0,0.0,594,2243,17.428571428571427,16.010830324909747,3004,1
2020-09-26,2020.0,39.0,36.072658558729294,0.5114825307124143,1.12,0.0,0.0,618,1872,17.571428571428573,16.488567990373046,2980,1
2020-09-27,2020.0,39.0,36.168836311175546,0.5111442104834975,1.12,0.0,0.0,648,1470,16.857142857142858,16.795427196149216,3096,1
2020-09-28,2020.0,39.0,36.26712722674662,0.5108032668416954,1.13,0.0,0.0,704,2448,18.0,17.252707581227437,3124,1
2020-09-29,2020.0,39.0,36.36752573283014,0.510459751099292,1.15,0.0,0.0,702,2552,16.714285714285715,17.868832731648617,3172,1
2020-09-30,2020.0,39.0,36.47002500893857,0.5101137150717178,1.19,0.0,0.0,708,2706,18.0,18.57280385078219,3292,1
2020-10-01,2020.0,40.0,36.61288215179571,0.5099374290666753,1.23,0.0,0.0,720,2967,18.857142857142858,19.564380264741274,3340,1
2020-10-02,2020.0,40.0,36.719557162971704,0.5097587278776472,1.28,0.0,0.0,740,3329,20.714285714285715,20.871239470517448,3316,1
2020-10-03,2020.0,40.0,36.828304291420984,0.5095776647708292,1.31,0.0,0.0,802,2936,20.714285714285715,22.15162454873646,3408,1
2020-10-04,2020.0,40.0,36.93911102111729,0.5093942934764468,1.36,0.0,0.0,844,2317,21.428571428571427,23.170878459687124,3528,1
2020-10-05,2020.0,40.0,37.05196323614013,0.5092086681789756,1.38,0.0,0.0,888,3869,24.714285714285715,24.880866425992778,3568,1
2020-10-06,2020.0,40.0,37.16684515027098,0.5090208435073622,1.39,0.0,0.0,896,4159,26.428571428571427,26.81468110709988,3852,1
2020-10-07,2020.0,40.0,37.283739236589476,0.5088308745252451,1.38,0.0,0.0,940,4578,30.0,29.067388688327316,4284,1
2020-10-08,2020.0,41.0,37.426596379446615,0.5086192257501116,1.35,0.0,0.0,974,4811,32.857142857142854,31.286401925391097,4848,1
2020-10-09,2020.0,41.0,37.5474549145528,0.5084055440567086,1.32,0.0,0.0,1020,5293,37.142857142857146,33.64981949458484,5392,1
2020-10-10,2020.0,41.0,37.670261892836265,0.5081898857540735,1.29,0.0,0.0,1062,4682,41.57142857142857,35.75090252707581,5940,1
2020-10-11,2020.0,41.0,37.79499212053109,0.5079723075468179,1.3,0.0,0.0,1090,3928,44.142857142857146,37.68953068592058,6256,1
2020-10-12,2020.0,41.0,37.921618311150446,0.5077528665253482,1.31,0.0,0.0,1178,6244,46.714285714285715,40.54753309265945,6484,1
2020-10-13,2020.0,41.0,38.050111015082756,0.507531620156087,1.34,0.0,0.0,1234,6752,52.714285714285715,43.667870036101085,6928,1
2020-10-14,2020.0,41.0,38.18043854918789,0.5073086262716927,1.37,0.0,0.0,1202,7847,55.142857142857146,47.60168471720818,7160,1
2020-10-15,2020.0,42.0,38.18043854918789,0.5069910942007682,1.38,0.0,0.0,1302,8081,62.57142857142857,51.5367027677497,7580,1
2020-10-16,2020.0,42.0,38.314331408085,0.5066719313396194,1.37,0.0,0.0,1376,8912,66.71428571428571,55.891696750902526,8136,1
2020-10-17,2020.0,42.0,38.44994994252509,0.5063511965609377,1.38,0.0,0.0,1452,7563,71.85714285714286,59.35860409145608,8724,1
2020-10-18,2020.0,42.0,38.58725283121567,0.5060289490645339,1.4,0.0,0.0,1532,6984,78.28571428571429,63.03610108303249,9048,1
2020-10-19,2020.0,42.0,38.726196167316644,0.5057052483675578,1.42,0.0,0.0,1692,10696,86.14285714285714,68.39350180505416,9440,1
2020-10-20,2020.0,42.0,38.86673338803647,0.5053801542947202,1.44,0.0,0.0,1750,12243,98.0,75.00120336943442,10100,1
2020-10-21,2020.0,42.0,39.00881520422833,0.5050537269685125,1.43,0.0,0.0,1880,14005,113.0,82.4115523465704,11172,1
2020-10-22,2020.0,43.0,39.15167234708547,0.5047160896505084,1.39,0.0,0.0,2050,14176,132.57142857142858,89.74608904933815,12420,1
2020-10-23,2020.0,43.0,39.296684229561215,0.5043772401783428,1.34,0.0,0.0,2232,15132,148.85714285714286,97.23104693140795,13668,1
2020-10-24,2020.0,43.0,39.44307578472814,0.504037239509174,1.29,0.0,0.0,2386,12929,158.57142857142858,103.68832731648617,14872,1
2020-10-25,2020.0,43.0,39.59078615363374,0.5036961488588239,1.26,0.0,0.0,2572,11327,169.71428571428572,108.91456077015644,15988,1
2020-10-26,2020.0,43.0,39.73975148486709,0.503354029691999,1.21,0.0,0.0,2704,16366,187.42857142857142,115.73766546329723,16760,1
2020-10-27,2020.0,43.0,39.88990494346192,0.5030109437125106,1.17,0.0,0.0,2924,17166,200.14285714285714,121.661853188929,18092,1
2020-10-28,2020.0,43.0,40.04117674623542,0.5026669528534956,1.13,0.0,0.0,3126,18679,214.42857142857142,127.28640192539109,19496,2
2020-10-29,2020.0,44.0,40.18403388909257,0.5023214635664112,1.09,0.0,0.0,3378,17847,219.14285714285714,131.70397111913357,20612,2
2020-10-30,2020.0,44.0,40.337321572896506,0.5019751939149336,1.06,0.0,0.0,3664,18516,226.71428571428572,135.77617328519855,21584,2
2020-10-31,2020.0,44.0,40.49150130512508,0.5016282064615012,1.04,0.0,0.0,3870,14480,234.14285714285714,137.64259927797835,22732,2
2020-11-01,2020.0,44.0,40.646492352176836,0.5012805639587599,1.04,0.0,0.0,4112,13531,243.57142857142858,140.294825511432,23380,2
2020-11-02,2020.0,44.0,40.8022115195467,0.5009323293397848,1.03,0.0,0.0,4468,19401,258.57142857142856,143.94705174488567,24044,2
2020-11-03,2020.0,44.0,40.95857326647168,0.5005835657083011,1.03,0.0,0.0,4748,19131,267.14285714285717,146.31167268351385,25024,2
2020-11-04,2020.0,44.0,41.115489820576606,0.5002343363289037,1.02,0.0,0.0,5084,19493,269.42857142857144,147.29121540312877,25956,2
2020-11-05,2020.0,45.0,41.115489820576606,0.49987483061293914,0.99,0.0,0.0,5294,19157,275.57142857142856,148.8676293622142,26516,2
2020-11-06,2020.0,45.0,41.273244318695994,0.4995149861217448,0.98,0.0,0.0,5490,19246,278.42857142857144,149.74608904933814,27240,2
2020-11-07,2020.0,45.0,41.4312780636543,0.4991548665438507,0.97,0.0,0.0,5660,15764,281.0,151.29121540312877,27448,2
2020-11-08,2020.0,45.0,41.58949550308517,0.49879453568954,0.96,0.0,0.0,5794,12342,279.42857142857144,149.8604091456077,27580,2
2020-11-09,2020.0,45.0,41.747799426238814,0.49843405748106934,0.96,0.0,0.0,6002,18837,283.42857142857144,149.18170878459688,27676,2
2020-11-10,2020.0,45.0,41.90609107862775,0.4980734959428897,0.97,0.0,0.0,6106,19171,295.42857142857144,149.22984356197352,27656,2
2020-11-11,2020.0,45.0,42.06427027667258,0.497712915191867,0.99,0.0,0.0,6236,20360,313.57142857142856,150.2731648616125,27660,2
2020-11-12,2020.0,46.0,42.207127419529726,0.4973454244695155,1.02,0.0,0.0,6354,20208,331.85714285714283,151.5379061371841,28196,2
2020-11-13,2020.0,46.0,42.36477601500909,0.4969780430061804,1.04,0.0,0.0,6578,20253,357.85714285714283,152.7496991576414,28980,2
2020-11-14,2020.0,46.0,42.522004177311956,0.49661083513729676,1.05,0.0,0.0,6630,15778,374.57142857142856,152.7665463297232,29740,2
2020-11-15,2020.0,46.0,42.67870715294864,0.49624386525159686,1.05,0.0,0.0,6752,12103,385.2857142857143,152.4789410348977,30512,2
2020-11-16,2020.0,46.0,42.834779332566264,0.49587719778133155,1.04,0.0,0.0,6850,18552,397.57142857142856,152.13598074608905,30468,2
2020-11-17,2020.0,46.0,42.99011436559446,0.49551089719249053,1.04,0.0,0.0,7014,19295,412.57142857142856,152.28519855595667,30992,2
2020-11-18,2020.0,46.0,43.14460527489119,0.4951450279750234,1.02,0.0,0.0,7102,20753,428.14285714285717,152.75812274368232,32256,2
2020-11-19,2020.0,47.0,43.28746241774833,0.49474706094916854,1.0,0.0,0.0,7162,20452,443.0,153.0517448856799,32420,2
2020-11-20,2020.0,47.0,43.43994221509787,0.49434965430734784,0.98,0.0,0.0,7206,20079,450.14285714285717,152.84235860409146,32588,2
2020-11-21,2020.0,47.0,43.591254344317015,0.49395287255271364,0.95,0.0,0.0,7242,14498,451.2857142857143,151.3020457280385,32844,2
2020-11-22,2020.0,47.0,43.74129046843434,0.4935567801732604,0.94,0.0,0.0,7392,11450,455.42857142857144,150.5162454873646,32428,2
2020-11-23,2020.0,47.0,43.889942197135476,0.4931614416320458,0.94,0.0,0.0,7452,17854,462.57142857142856,149.676293622142,32636,2
2020-11-24,2020.0,47.0,44.037101201408795,0.4927669213574109,0.94,0.0,0.0,7516,18134,465.42857142857144,148.2791817087846,33020,2
2020-11-25,2020.0,47.0,44.18265932819122,0.4923732837332014,0.94,0.0,0.0,7538,19675,474.57142857142856,146.98194945848377,32684,2
2020-11-26,2020.0,48.0,44.32551647104837,0.4919454349997375,0.96,0.0,0.0,7630,19456,483.57142857142856,145.78339350180505,33304,2
2020-11-27,2020.0,48.0,44.46754966068254,0.4915185975117854,0.98,0.0,0.0,7692,19049,498.14285714285717,144.5439229843562,33284,2
2020-11-28,2020.0,48.0,44.60765971578514,0.49109283546102744,1.0,0.0,0.0,7760,15661,514.0,145.94344163658243,33228,2
2020-11-29,2020.0,48.0,44.745740333544646,0.49066821295553303,1.03,0.0,0.0,7782,11702,520.7142857142857,146.24669073405536,33636,2
2020-11-30,2020.0,48.0,44.88168596032677,0.49024479400997917,1.07,0.0,0.0,7832,18108,534.1428571428571,146.5523465703971,33624,2
2020-12-01,2020.0,48.0,45.01539190632025,0.48982264253587104,1.09,0.0,0.0,7824,19784,560.1428571428571,148.5379061371841,33544,2
2020-12-02,2020.0,48.0,45.146754460182535,0.489401822331763,1.12,0.0,0.0,7898,21476,580.2857142857143,150.705174488568,34020,2
2020-12-03,2020.0,49.0,45.28961160303968,0.4889898166098304,1.14,0.0,0.0,7942,23128,612.0,155.1239470517449,34392,2
2020-12-04,2020.0,49.0,45.415980725715784,0.4885792693770357,1.15,0.0,0.0,8002,22505,636.4285714285714,159.28279181708785,35528,2
2020-12-05,2020.0,49.0,45.53970233950313,0.48817024403440407,1.16,0.0,0.0,8076,18282,650.1428571428571,162.43682310469313,36412,2
2020-12-06,2020.0,49.0,45.660677793391635,0.48776280383089227,1.16,0.0,0.0,8194,15172,667.7142857142857,166.61251504211793,36564,2
2020-12-07,2020.0,49.0,45.77880998806876,0.48735701185360936,1.15,0.0,0.0,8334,22517,693.8571428571429,171.91817087845968,37016,2
2020-12-08,2020.0,49.0,45.89400349056516,0.4869529310180372,1.15,0.0,0.0,8476,24354,721.5714285714286,177.41756919374248,38100,2
2020-12-09,2020.0,49.0,46.00616464890048,0.48655062405825145,1.13,0.0,0.0,8518,25824,737.4285714285714,182.64981949458485,39436,2
2020-12-10,2020.0,50.0,46.14902179175762,0.4861872926054689,1.11,0.0,0.0,8638,26911,771.0,187.20216606498195,40792,2
2020-12-11,2020.0,50.0,46.254845003014395,0.48582585991328747,1.09,0.0,0.0,8828,26200,795.0,191.64861612515043,42120,2
2020-12-12,2020.0,50.0,46.35736674656039,0.48546638811288767,1.07,0.0,0.0,8950,22116,830.2857142857143,196.26233453670278,43304,2
2020-12-13,2020.0,50.0,46.45650164082863,0.48510893911492614,1.05,0.0,0.0,9082,16975,846.5714285714286,198.43200962695548,44720,3
2020-12-14,2020.0,50.0,46.55216665846988,0.4847535745997567,1.04,0.0,0.0,9322,24845,869.2857142857143,201.2334536702768,45436,3
2020-12-15,2020.0,50.0,46.64428124099834,0.4844003560076506,1.03,0.0,0.0,9444,26140,891.7142857142857,203.3826714801444,46344,3
2020-12-16,2020.0,50.0,46.73276741343743,0.4840493445290175,1.01,0.0,0.0,9640,28184,923.0,206.22262334536703,47488,3
2020-12-17,2020.0,51.0,46.73276741343742,0.48373737656863264,0.99,0.0,0.0,9678,27706,929.0,207.17930204572804,48492,3
2020-12-18,2020.0,51.0,46.813773748033626,0.4834277373138374,0.97,0.0,0.0,9778,26894,934.5714285714286,208.014440433213,49068,3
2020-12-19,2020.0,51.0,46.890934395123445,0.4831204871467804,0.96,0.0,0.0,9860,20990,928.2857142857143,206.65944645006016,50172,3
2020-12-20,2020.0,51.0,46.96418286022462,0.4828156861606311,0.94,0.0,0.0,10036,17156,939.2857142857143,206.87725631768953,50376,3
2020-12-21,2020.0,51.0,47.0334558055928,0.4825133941498004,0.91,0.0,0.0,10314,22578,944.2857142857143,204.14921780986762,50576,3
2020-12-22,2020.0,51.0,47.09869316486738,0.4822136706001617,0.88,0.0,0.0,10404,24518,946.2857142857143,202.1973525872443,50896,3
2020-12-23,2020.0,51.0,47.15983825771714,0.4819165746792712,0.85,0.0,0.0,10452,26783,956.1428571428571,200.51143200962696,51768,3
2020-12-24,2020.0,52.0,47.445552543431425,0.4816325605645392,0.83,0.0,0.0,10660,19648,908.7142857142857,190.8146811070999,52368,3
2020-12-25,2020.0,52.0,47.49835717978443,0.48135129141959954,0.83,0.0,0.0,10728,14530,852.8571428571429,175.93622141997594,48984,3
2020-12-26,2020.0,52.0,47.54692097135311,0.48107282539838125,0.86,0.0,0.0,11040,15122,837.0,168.8748495788207,44616,3
2020-12-27,2020.0,52.0,47.591201928381494,0.4807972202973791,0.89,24344.0,0.0,11092,14469,821.8571428571429,165.64139590854393,43868,3
2020-12-28,2020.0,52.0,47.63116202037177,0.4805245335458741,0.93,42383.0,0.0,11164,20567,820.1428571428571,163.2214199759326,44472,3
2020-12-29,2020.0,52.0,47.66676729073004,0.48025482219615423,0.95,92455.0,0.0,11274,22503,826.4285714285714,160.79663056558363,44576,3
2020-12-30,2020.0,52.0,47.697987971412104,0.47998814291373504,0.95,156552.0,0.0,11260,23581,824.1428571428571,156.94344163658243,45340,3
2020-12-31,2020.0,53.0,47.84084511426925,0.4797040124580132,0.95,206476.0,0.0,11244,17249,814.5714285714286,154.05655836341757,44856,3
2021-01-01,2020.0,53.0,47.86322463864581,0.47942302620118876,0.97,231969.0,0.0,11166,13144,802.1428571428571,152.3886883273165,45244,3
2021-01-02,2020.0,53.0,47.88115653928643,0.479145239589784,0.98,279977.0,0.0,11406,14123,792.4285714285714,151.18652226233453,44764,3
2021-01-03,2020.0,53.0,47.89462890419456,0.47887070764443157,0.99,302532.0,0.0,11490,13607,787.4285714285714,150.14921780986762,44568,3
2021-01-04,2020.0,53.0,47.903634486500536,0.47859948495009524,0.99,348621.0,0.0,11446,18988,760.4285714285714,148.24909747292418,44232,3
2021-01-05,2020.0,53.0,47.908170729890344,0.47833162564629017,1.0,401229.0,0.0,11300,21779,739.2857142857143,147.37785800240673,43600,3
2021-01-06,2020.0,53.0,47.90823976429563,0.4780671834173038,1.01,464294.0,0.0,11104,21172,704.1428571428571,144.4789410348977,42112,3
2021-01-07,2021.0,1.0,47.76538262143849,0.4778767241347698,1.02,519065.0,0.0,10948,20049,726.0,147.84837545126354,40784,3
2021-01-08,2021.0,1.0,47.756542172915985,0.4776897878908291,1.0,581780.0,0.0,10934,20174,770.4285714285714,156.30806257521058,42812,3
2021-01-09,2021.0,1.0,47.74326854117536,0.47750642694541007,0.96,642365.0,0.0,10796,14993,766.0,157.35499398315284,46480,3
2021-01-10,2021.0,1.0,47.725582007859586,0.47732669306409586,0.91,678231.0,0.0,10600,11300,760.1428571428571,154.57882069795428,46396,3
2021-01-11,2021.0,1.0,47.703507169874264,0.47715063750834535,0.88,746441.0,0.0,10534,15996,742.1428571428571,150.9783393501805,44992,3
2021-01-12,2021.0,1.0,47.677072845860756,0.47697831102571386,0.88,825504.0,0.0,10418,18314,726.2857142857143,146.8086642599278,43944,3
2021-01-13,2021.0,1.0,47.64631198266919,0.4768097638400733,0.88,937454.0,0.0,10328,19045,727.5714285714286,144.24909747292418,42800,3
2021-01-14,2021.0,2.0,47.64631198266919,0.47676082449492535,0.9,1021347.0,0.0,10208,16876,721.1428571428571,140.43080625752106,42288,3
2021-01-15,2021.0,2.0,47.60701292687268,0.476715763284346,0.92,1112225.0,919.0,10100,16150,709.8571428571429,135.5884476534296,41400,3
2021-01-16,2021.0,2.0,47.56351000643228,0.4766746288024823,0.93,1169066.0,2141.0,9984,13120,703.2857142857143,133.33453670276774,40408,3
2021-01-17,2021.0,2.0,47.515851745764245,0.4766374690806807,0.94,1199855.0,19153.0,9900,9705,694.5714285714286,131.41516245487364,39960,3
2021-01-18,2021.0,2.0,47.46409032985905,0.47660433157770793,0.94,1267213.0,34785.0,9968,13342,690.5714285714286,128.2214199759326,39864,3
2021-01-19,2021.0,2.0,47.40828151075441,0.47657526316997173,0.94,1350837.0,70869.0,9860,15600,675.1428571428571,124.95547533092659,39024,3
2021-01-20,2021.0,2.0,47.34848451400853,0.47655031014174154,0.94,1429838.0,124651.0,9632,15860,652.0,121.12274368231047,38300,3
2021-01-21,2021.0,3.0,47.34848451400853,0.4765344229541285,0.93,1494450.0,165582.0,9534,14148,626.0,117.83995186522262,38048,3
2021-01-22,2021.0,3.0,47.28090226510164,0.4765227418990274,0.93,1563186.0,199180.0,9498,13284,604.2857142857143,114.39109506618531,37200,3
2021-01-23,2021.0,3.0,47.20952942108115,0.4765153114256165,0.92,1603681.0,245732.0,9278,11041,589.5714285714286,111.8892900120337,36380,3
2021-01-24,2021.0,3.0,47.13443816631765,0.47651217535181806,0.91,1629366.0,267872.0,9214,7732,568.4285714285714,109.51504211793021,36264,3
2021-01-25,2021.0,3.0,47.055703691067514,0.4765133768545195,0.9,1681636.0,306613.0,9208,10389,545.4285714285714,105.96149217809868,35700,3
2021-01-26,2021.0,3.0,46.973404097946,0.4765189584597938,0.88,1732304.0,354347.0,9118,13013,512.7142857142857,102.84837545126354,35240,3
2021-01-27,2021.0,3.0,46.88762030840034,0.47652896203312,0.88,1783241.0,412825.0,8974,12552,483.14285714285717,98.8676293622142,34088,3
2021-01-28,2021.0,4.0,46.88762030840034,0.47652217666623864,0.89,1830054.0,458541.0,8856,11278,455.57142857142856,95.41395908543923,33380,3
2021-01-29,2021.0,4.0,46.79512169804136,0.4765198949774691,0.89,1879875.0,516425.0,8734,11155,429.85714285714283,92.85198555956678,32468,3
2021-01-30,2021.0,4.0,46.69939763332262,0.4765221567918333,0.9,1914481.0,569920.0,8684,9444,417.2857142857143,90.93020457280385,31620,3
2021-01-31,2021.0,4.0,46.60053937575003,0.4765290012346421,0.89,1940240.0,601384.0,8674,6359,404.14285714285717,89.27797833935018,30624,3
2021-02-01,2021.0,4.0,46.49864053802696,0.47654046672171624,0.89,1998496.0,663266.0,8626,8874,390.85714285714283,87.45487364620939,30292,3
2021-02-02,2021.0,4.0,46.39379699052721,0.4765565909496062,0.9,2064019.0,730549.0,8504,10312,373.2857142857143,84.20457280385078,29588,3
2021-02-03,2021.0,4.0,46.286106767768146,0.47657741088581373,0.89,2128598.0,828946.0,8414,10843,360.0,82.14801444043322,28856,3
2021-02-04,2021.0,5.0,46.00039248205386,0.47664017323670027,0.89,2190673.0,901448.0,8340,9425,349.14285714285717,79.91817087845969,27716,3
2021-02-05,2021.0,5.0,45.8873112012679,0.47670770300464327,0.89,2260038.0,979631.0,8132,8868,333.0,77.16606498194946,27384,3
2021-02-06,2021.0,5.0,45.77168939836687,0.47678003491132115,0.89,2305635.0,1028180.0,7916,7686,319.14285714285717,75.05054151624549,26604,3
2021-02-07,2021.0,5.0,45.65363282917318,0.47685720291024614,0.88,2333924.0,1053456.0,7852,5015,313.0,73.4332129963899,26328,3
2021-02-08,2021.0,5.0,45.533248946018205,0.47693924017698436,0.88,2386954.0,1109902.0,7902,6939,297.2857142857143,71.10469314079423,25956,3
2021-02-09,2021.0,5.0,45.410646804215375,0.4770261790993772,0.88,2447188.0,1184254.0,7680,8045,284.2857142857143,68.37665463297232,25088,3
2021-02-10,2021.0,5.0,45.28593696853324,0.47711805126776147,0.89,2524967.0,1261975.0,7464,8563,265.42857142857144,65.63297232250301,23948,3
2021-02-11,2021.0,6.0,45.143079825676104,0.4772669504746597,0.91,2600517.0,1330973.0,7336,7772,251.28571428571428,63.643802647412755,23176,3
2021-02-12,2021.0,6.0,45.01449186662428,0.4774208436765925,0.94,2680776.0,1406938.0,7092,7894,240.85714285714286,62.47172081829122,21992,3
2021-02-13,2021.0,6.0,44.88413602627616,0.4775797600127074,0.97,2742828.0,1452734.0,6958,6293,234.14285714285714,60.79542719614922,21476,3
2021-02-14,2021.0,6.0,44.752127953462036,0.4777437277855304,0.99,2782457.0,1478564.0,6834,5386,230.28571428571428,61.24187725631769,20808,3
2021-02-15,2021.0,6.0,44.618584298771914,0.47791277445118624,1.01,2852631.0,1534239.0,6852,7258,227.71428571428572,61.62575210589651,20900,3
2021-02-16,2021.0,6.0,44.483622584049364,0.4780869266096193,1.03,2930988.0,1590704.0,6684,8372,223.28571428571428,62.01925391095066,20708,3
2021-02-17,2021.0,6.0,44.34736105955893,0.4782662099948142,1.05,3026406.0,1647145.0,6478,8745,221.71428571428572,62.238267148014444,20832,3
2021-02-18,2021.0,7.0,44.20450391670179,0.4784576451728874,1.06,3117943.0,1700477.0,6338,8349,217.14285714285714,62.93261131167268,20496,3
2021-02-19,2021.0,7.0,44.06599964913456,0.4786542604086953,1.07,3221093.0,1756405.0,6228,8389,214.0,63.52827918170878,20600,3
2021-02-20,2021.0,7.0,43.926553083081444,0.4788560787796671,1.06,3297259.0,1792725.0,6136,7815,212.71428571428572,65.3598074608905,20364,3
2021-02-21,2021.0,7.0,43.7862837261266,0.4790631224581552,1.05,3354971.0,1821028.0,6098,5378,212.14285714285714,65.35018050541517,20828,3
2021-02-22,2021.0,7.0,43.64531095527699,0.4792754127016554,1.04,3453264.0,1879401.0,6106,7563,209.57142857142858,65.71720818291216,20616,3
2021-02-23,2021.0,7.0,43.50375383715056,0.47949296984302797,1.02,3563259.0,1939976.0,6060,8979,200.57142857142858,66.4476534296029,20548,3
2021-02-24,2021.0,7.0,43.36173094816444,0.47971581328071794,1.01,3680855.0,1999419.0,5900,9079,190.42857142857142,66.84957882069796,20288,3
2021-02-25,2021.0,8.0,43.07601666245016,0.47990070049010336,1.01,3811803.0,2058774.0,5782,8421,183.28571428571428,66.93622141997594,20252,3
2021-02-26,2021.0,8.0,42.933415101133725,0.48009090995033377,1.0,3958216.0,2126408.0,5682,8824,176.71428571428572,67.45968712394705,19924,3
2021-02-27,2021.0,8.0,42.79069875888602,0.4802864581979329,1.0,4066512.0,2166215.0,5640,7769,174.0,67.4043321299639,19832,3
2021-02-28,2021.0,8.0,42.64798245320283,0.4804873607958922,1.02,4145797.0,2190407.0,5668,5908,171.42857142857142,68.04211793020457,19608,3
2021-03-01,2021.0,8.0,42.505379612320084,0.48069363232389134,1.02,4295129.0,2240418.0,5724,8146,166.0,68.74368231046931,19396,3
2021-03-02,2021.0,8.0,42.363002095402074,0.48090528636851887,1.04,4463040.0,2292670.0,5698,9462,160.57142857142858,69.32490974729242,19196,3
2021-03-03,2021.0,8.0,42.22096001272964,0.481122335513493,1.05,4640780.0,2363460.0,5632,9808,154.57142857142858,70.20216606498195,18988,1
2021-03-04,2021.0,9.0,41.93524572701536,0.48132554354831775,1.06,4823312.0,2426803.0,5610,9137,150.0,71.06377858002406,18572,1
2021-03-05,2021.0,9.0,41.794196949083656,0.4815341688031967,1.08,5031454.0,2494247.0,5512,9511,149.14285714285714,71.8904933814681,18140,1
2021-03-06,2021.0,9.0,41.653801644821165,0.4817482207945608,1.1,5185562.0,2542986.0,5492,8692,149.28571428571428,73.00120336943442,17892,1
2021-03-07,2021.0,9.0,41.51416113085679,0.4819677079968532,1.12,5299921.0,2576506.0,5558,6746,150.14285714285714,74.00962695547533,17828,1
2021-03-08,2021.0,9.0,41.375374075876984,0.4821926378327498,1.14,5486312.0,2628372.0,5714,9511,150.14285714285714,75.65222623345367,17764,1
2021-03-09,2021.0,9.0,41.23753632081383,0.48242301666338033,1.15,5684362.0,2683336.0,5552,11200,149.28571428571428,77.74368231046931,17528,1
2021-03-10,2021.0,9.0,41.10074069903338,0.4826588497785487,1.17,5906826.0,2750800.0,5454,12564,153.28571428571428,81.06016847172081,17604,1
2021-03-11,2021.0,10.0,40.957883556176235,0.4828551019909743,1.17,6131020.0,2811765.0,5496,12158,159.0,84.69554753309266,17768,1
2021-03-12,2021.0,10.0,40.82343777173576,0.4830568158144509,1.17,6387536.0,2882887.0,5494,12644,162.14285714285714,88.46570397111914,18448,1
2021-03-13,2021.0,10.0,40.690292777161346,0.483263993266129,1.17,6578396.0,2933279.0,5426,11608,162.57142857142858,91.97472924187726,18820,1
2021-03-14,2021.0,10.0,40.55852757743652,0.4834766352527161,1.17,6713144.0,2968980.0,5534,9197,164.42857142857142,94.92418772563177,19240,1
2021-03-15,2021.0,10.0,40.42821727091969,0.48369474156069725,1.17,6902767.0,3028290.0,5650,12476,165.0,98.49217809867629,19680,1
2021-03-16,2021.0,10.0,40.29943286953231,0.4839183108465558,1.17,7013964.0,3096614.0,5688,14786,170.42857142857142,102.80746089049339,20244,1
2021-03-17,2021.0,10.0,40.17224111894707,0.4841473406269939,1.16,7138638.0,3177794.0,5698,16195,173.42857142857142,107.17689530685921,20932,1
2021-03-18,2021.0,11.0,40.17224111894707,0.484286391016728,1.14,7256870.0,3253599.0,5774,15049,176.85714285714286,110.65583634175692,21528,1
2021-03-19,2021.0,11.0,40.04841694329808,0.48443089347598545,1.13,7418101.0,3338266.0,5876,15256,182.0,113.79903730445247,21968,1
2021-03-20,2021.0,11.0,39.926358271261016,0.4845808420434494,1.13,7585553.0,3391665.0,5890,14186,185.42857142857142,116.90132370637785,22712,1
2021-03-21,2021.0,11.0,39.806113051602004,0.4847362295789042,1.13,7712145.0,3429989.0,6088,11158,188.42857142857142,119.26113116726835,22852,1
2021-03-22,2021.0,11.0,39.68772421122662,0.4848970477534566,1.14,7905384.0,3506713.0,6278,15294,190.42857142857142,122.65222623345367,23192,1
2021-03-23,2021.0,11.0,39.57122960778106,0.4850632870397565,1.13,8122682.0,3591097.0,6312,18068,201.14285714285714,126.60168471720819,23648,1
2021-03-24,2021.0,11.0,39.456662026390745,0.48523493670221673,1.12,8373388.0,3680794.0,6392,19554,207.28571428571428,130.64380264741277,24264,1
2021-03-25,2021.0,12.0,39.3138048835336,0.48540992995534044,1.1,8625942.0,3762162.0,6498,18798,212.85714285714286,135.1552346570397,25264,1
2021-03-26,2021.0,12.0,39.20316965969865,0.4855903084496244,1.06,8912342.0,3851219.0,6644,18417,216.57142857142858,138.95908543922985,26036,1
2021-03-27,2021.0,12.0,39.094529996220096,0.4857760577660967,1.03,9131781.0,3913702.0,6758,15768,220.85714285714286,140.86281588447653,26676,1
2021-03-28,2021.0,12.0,38.987899172073504,0.4859671622384315,1.0,9275207.0,3967041.0,6888,11448,223.14285714285714,141.2117930204573,27296,1
2021-03-29,2021.0,12.0,38.88328589602434,0.4861636049431698,0.98,9492730.0,4056020.0,7118,15819,231.28571428571428,141.84356197352588,27568,1
2021-03-30,2021.0,12.0,38.7806944357795,0.4863653676899403,0.96,9729716.0,4148966.0,7176,17780,228.42857142857142,141.49699157641396,28152,1
2021-03-31,2021.0,12.0,38.680124747138926,0.48657243101167985,0.96,9965569.0,4250898.0,7336,19180,228.85714285714286,141.04693140794222,28480,1
2021-04-01,2021.0,13.0,38.82298188999607,0.48683255323599023,0.96,10202715.0,4342176.0,7438,19248,230.71428571428572,141.5884476534296,28872,1
2021-04-02,2021.0,13.0,38.72643901009368,0.4870979332319509,0.96,10360817.0,4410294.0,7678,15789,225.14285714285714,138.4259927797834,28948,1
2021-04-03,2021.0,13.0,38.63189318926914,0.4873685476437472,0.98,10528635.0,4474973.0,7810,13415,227.85714285714286,135.59446450060167,28020,1
2021-04-04,2021.0,13.0,38.53932842721019,0.48764437179975567,0.97,10671482.0,4525558.0,8094,11951,227.85714285714286,136.1997593261131,27696,1
2021-04-05,2021.0,13.0,38.44872505745543,0.4879253797027644,1.0,10849524.0,4595977.0,8304,13045,218.85714285714286,132.8616125150421,27772,1
2021-04-06,2021.0,13.0,38.360059876545975,0.4882115440201935,1.03,11128950.0,4690875.0,8684,16505,221.0,131.32731648616127,26788,1
2021-04-07,2021.0,13.0,38.273306273176956,0.48850283607431627,1.06,11701495.0,4787418.0,8856,20425,220.85714285714286,132.82551143200962,26160,1
2021-04-08,2021.0,14.0,38.273306273176956,0.48876204836350595,1.11,12313751.0,4875320.0,8922,21524,220.71428571428572,135.5643802647413,27008,1
2021-04-09,2021.0,14.0,38.19028300534824,0.48902632695937687,1.12,12857992.0,4964469.0,9002,20540,224.28571428571428,141.28158844765343,27852,1
2021-04-10,2021.0,14.0,38.10907232558538,0.48929563909008494,1.12,13165916.0,5029624.0,9034,18614,227.71428571428572,147.5379061371841,29512,1
2021-04-11,2021.0,14.0,38.029635282715404,0.4895699505995215,1.14,13379789.0,5080065.0,9132,13527,224.57142857142858,149.43441636582432,30076,1
2021-04-12,2021.0,14.0,37.951930163477314,0.48984922593753416,1.12,13722728.0,5156561.0,9284,18790,231.57142857142858,156.34777376654634,30408,1
2021-04-13,2021.0,14.0,37.87591262167356,0.4901334281501475,1.09,14226684.0,5230373.0,9336,22007,229.0,162.96871239470516,31764,1
2021-04-14,2021.0,14.0,37.801535807321685,0.49042251886978366,1.06,14919975.0,5313748.0,9306,23186,228.85714285714286,166.29121540312877,32964,1
2021-04-15,2021.0,15.0,37.658678664464546,0.4906612923323355,1.02,15531822.0,5384085.0,9316,21220,225.0,165.92539109506617,32404,1
2021-04-16,2021.0,15.0,37.5874333856872,0.49090487328682963,1.01,16055805.0,5458466.0,9428,21809,227.14285714285714,167.45246690734055,31828,1
2021-04-17,2021.0,15.0,37.51767455322051,0.49115321906620485,1.02,16365676.0,5515172.0,9520,18837,223.14285714285714,167.7208182912154,31496,1
2021-04-18,2021.0,15.0,37.44934659345805,0.49140628555068,1.03,16596535.0,5554257.0,9636,14895,228.71428571428572,169.367027677497,31452,1
2021-04-19,2021.0,15.0,37.382392074766315,0.491664027157975,1.03,16938485.0,5615814.0,9820,19619,226.14285714285714,170.36462093862815,31404,1
2021-04-20,2021.0,15.0,37.31675183663635,0.4919263968335313,1.04,17437752.0,5678748.0,9902,23742,230.57142857142858,172.45246690734055,31692,1
2021-04-21,2021.0,15.0,37.25236511883527,0.4921933460407325,1.02,18086877.0,5752172.0,9940,23948,230.57142857142858,173.36943441636583,31976,1
2021-04-22,2021.0,16.0,37.10950797597813,0.4925190904785685,1.0,18659406.0,5819573.0,10068,21826,230.71428571428572,174.09867629362213,31888,1
2021-04-23,2021.0,16.0,37.047440264998485,0.492849312889526,0.98,19147698.0,5888814.0,10074,21015,228.0,173.14320096269554,32224,2
2021-04-24,2021.0,16.0,36.986435486821414,0.4931839602321394,0.95,19454857.0,5947976.0,10016,18089,226.71428571428572,172.2430806257521,32324,2
2021-04-25,2021.0,16.0,36.92642777383421,0.49352297794376804,0.93,19689110.0,5997161.0,10080,13079,218.71428571428572,170.057761732852,32328,2
2021-04-26,2021.0,16.0,36.86735030445809,0.4938663099308163,0.91,20049079.0,6071282.0,10212,17431,214.57142857142858,167.42478941034898,32052,2
2021-04-27,2021.0,16.0,36.80913543229983,0.4942138985589556,0.89,20744219.0,6162903.0,10100,19859,201.14285714285714,162.75210589651022,31460,2
2021-04-28,2021.0,16.0,36.75171481530334,0.49456568464334344,0.88,21742408.0,6289454.0,10066,20351,196.57142857142858,158.42358604091456,30424,2
2021-04-29,2021.0,17.0,36.75171481530334,0.4949785742116402,0.88,22557327.0,6422531.0,10038,17624,186.85714285714286,153.367027677497,29688,2
2021-04-30,2021.0,17.0,36.69567554556844,0.4953955381758446,0.88,23226278.0,6559234.0,10022,17175,180.42857142857142,148.74608904933814,28660,2
2021-05-01,2021.0,17.0,36.6402226223655,0.4958165126408992,0.88,23489298.0,6633018.0,9996,14723,172.85714285714286,144.69554753309265,27800,2
2021-05-02,2021.0,17.0,36.58528621250264,0.49624143212211624,0.88,23688972.0,6698686.0,10036,10406,171.28571428571428,141.4789410348977,27368,2
2021-05-03,2021.0,17.0,36.530796432883,0.4966702295353978,0.88,24026830.0,6813726.0,9994,13680,163.57142857142858,136.96510228640193,27064,2
2021-05-04,2021.0,17.0,36.47668347965631,0.49710283618745715,0.87,24711928.0,6972665.0,9890,16379,162.85714285714286,132.77737665463297,26472,2
2021-05-05,2021.0,17.0,36.422877757370415,0.497539181766039,0.87,25632345.0,7201267.0,9658,15884,153.14285714285714,127.40192539109506,25660,2
2021-05-06,2021.0,18.0,36.422877757370415,0.4978872533933171,0.87,26405248.0,7421299.0,9512,13839,146.71428571428572,122.84717208182911,24932,2
2021-05-07,2021.0,18.0,36.36947918996016,0.4982389184265844,0.87,27063684.0,7655898.0,9324,13089,143.42857142857142,117.93020457280385,24156,2
2021-05-08,2021.0,18.0,36.316181609038935,0.49859410163800416,0.86,27337522.0,7808525.0,9192,11143,133.57142857142858,113.62214199759326,23388,2
2021-05-09,2021.0,18.0,36.262917544262926,0.49895272614165426,0.85,27522503.0,7910134.0,9138,7901,129.14285714285714,110.60770156438026,22492,2
2021-05-10,2021.0,18.0,36.20962037944439,0.4993147133837469,0.83,27922954.0,8100230.0,9142,10311,125.85714285714286,106.55354993983153,22080,2
2021-05-11,2021.0,18.0,36.15622448170313,0.4996799831328501,0.82,28725616.0,8385206.0,8898,11936,115.71428571428571,101.20697954271961,21344,2
2021-05-12,2021.0,18.0,36.10266533061816,0.5000484534701081,0.8,29781976.0,8747068.0,8722,11900,109.42857142857143,96.41275571600481,20676,2
2021-05-13,2021.0,19.0,36.10266533061816,0.5003179746297944,0.79,30053327.0,8905461.0,8488,8256,102.57142857142857,89.69434416365824,19828,2
2021-05-14,2021.0,19.0,36.04859120717736,0.5005905274385352,0.8,30588113.0,9128346.0,8344,7784,90.57142857142857,83.31046931407943,18144,2
2021-05-15,2021.0,19.0,35.99416823540067,0.5008660248565272,0.81,30827522.0,9289822.0,8168,7927,90.0,79.4404332129964,16688,2
2021-05-16,2021.0,19.0,35.93933763621955,0.5011443781174265,0.81,30993069.0,9406823.0,8108,5704,86.28571428571429,76.79663056558364,16380,2
2021-05-17,2021.0,19.0,35.8840423887825,0.5014254967185682,0.81,31353079.0,9603205.0,8004,6977,78.14285714285714,72.78459687123947,16232,2
2021-05-18,2021.0,19.0,35.82822735960665,0.5017092884111876,0.8,31879148.0,9950350.0,7728,8546,72.14285714285714,68.70517448856799,15636,2
2021-05-19,2021.0,19.0,35.77183943172935,0.501995659190641,0.81,32455735.0,10472960.0,7386,7989,66.28571428571429,63.998796630565586,14500,2
2021-05-20,2021.0,20.0,35.6289822888722,0.5022809559469598,0.81,32922840.0,10955612.0,7158,6569,64.71428571428571,61.96871239470517,13420,2
2021-05-21,2021.0,20.0,35.57129792454267,0.5025686384740704,0.8,33341295.0,11389365.0,6920,6102,60.57142857142857,59.94464500601685,13148,2
2021-05-22,2021.0,20.0,35.51289470126064,0.5028586074410164,0.79,33570799.0,11634231.0,6688,5029,56.142857142857146,56.45728038507822,12900,2
2021-05-23,2021.0,20.0,35.453728859660025,0.5031507617218438,0.74,33704649.0,11785842.0,6582,3052,52.714285714285715,53.265944645006016,11948,2
2021-05-24,2021.0,20.0,35.393759302652775,0.5034449983858237,0.73,33853954.0,11962793.0,6444,3276,47.57142857142857,48.812274368231044,11160,2
2021-05-25,2021.0,20.0,35.33294772458052,0.5037412126876714,0.73,34151528.0,12321523.0,6330,4171,44.285714285714285,43.54753309265945,9840,2
2021-05-26,2021.0,20.0,35.271258740366115,0.5040392980577681,0.75,34699834.0,12953714.0,5980,5054,41.42857142857143,40.01564380264741,8728,2
2021-05-27,2021.0,21.0,35.128401597508976,0.5044123357184211,0.79,35185589.0,13510109.0,5652,4978,36.57142857142857,38.101083032490976,8180,2
2021-05-28,2021.0,21.0,35.06486397362165,0.5047870257959647,0.81,35626390.0,13974627.0,5392,4215,35.142857142857146,35.83032490974729,7704,2
2021-05-29,2021.0,21.0,35.00036159592512,0.5051632561891005,0.83,35806409.0,14205635.0,5178,3317,31.142857142857142,33.770156438026476,7200,2
2021-05-30,2021.0,21.0,34.93487200999029,0.5055409129330787,0.84,35915432.0,14380612.0,5024,2236,29.0,32.78820697954272,6964,2
2021-05-31,2021.0,21.0,34.86837623414321,0.5059198801899177,0.82,36136846.0,14707059.0,4892,2866,27.857142857142858,32.29482551143201,6872,2
2021-06-01,2021.0,21.0,34.80085880223141,0.5063000402386263,0.81,36621901.0,15211485.0,4570,3610,25.857142857142858,31.61973525872443,7020,2
2021-06-02,2021.0,21.0,34.7323077775952,0.5066812734654228,0.79,37244184.0,15839055.0,4288,3481,22.714285714285715,29.726835138387486,6796,2
2021-06-03,2021.0,22.0,34.58945063473806,0.5071083519190217,0.77,37528443.0,16198613.0,4058,2575,20.0,26.835138387484957,6016,2
2021-06-04,2021.0,22.0,34.518810629971185,0.507536258605659,0.78,37897754.0,16641526.0,3924,2182,17.428571428571427,24.388688327316487,5480,2
2021-06-05,2021.0,22.0,34.44712211468325,0.5079648681745076,0.79,38024919.0,16927696.0,3778,2075,18.0,22.89410348977136,4932,2
2021-06-06,2021.0,22.0,34.37438687718991,0.5083940533428338,0.8,38102824.0,17142384.0,3692,1561,17.142857142857142,22.081829121540313,4696,2
2021-06-07,2021.0,22.0,34.300609966814015,0.5088236848862169,0.8,38351029.0,17509278.0,3578,1991,15.857142857142858,21.028880866425993,4572,2
2021-06-08,2021.0,22.0,34.225799621471715,0.5092536316287708,0.78,38764738.0,18153654.0,3386,2408,13.571428571428571,19.58243080625752,4336,2
2021-06-09,2021.0,22.0,34.14996719525851,0.5096837604333639,0.76,39313668.0,19033139.0,3182,2016,11.857142857142858,17.819494584837546,4064,2
2021-06-10,2021.0,23.0,34.007110052401366,0.5100602954263188,0.75,39810878.0,19731462.0,2998,1828,10.857142857142858,16.92057761732852,3804,2
2021-06-11,2021.0,23.0,33.929279629380865,0.5104367402841975,0.74,40276041.0,20333057.0,2826,1455,10.0,16.04572803850782,3724,2
2021-06-12,2021.0,23.0,33.85047916071314,0.5108129559274571,0.73,40436178.0,20609737.0,2672,1209,7.857142857142857,15.00361010830325,3632,2
2021-06-13,2021.0,23.0,33.7707317410721,0.5111888012761925,0.7,40514946.0,20814073.0,2658,786,7.428571428571429,14.070998796630565,3364,2
2021-06-14,2021.0,23.0,33.69006321924142,0.5115641332403565,0.68,40786026.0,21199613.0,2546,1091,7.571428571428571,12.987966305655837,3244,2
2021-06-15,2021.0,23.0,33.6085021257007,0.511938806709981,0.69,41196117.0,21840505.0,2404,1186,7.571428571428571,11.517448856799037,3092,2
2021-06-16,2021.0,23.0,33.52607960021155,0.5123126745453972,0.7,41742794.0,22680662.0,2260,1147,7.428571428571429,10.471720818291216,2768,2
2021-06-17,2021.0,24.0,33.38322245735441,0.5127068725449365,0.73,42214262.0,23360335.0,2130,950,6.857142857142857,9.415162454873647,2572,2
2021-06-18,2021.0,24.0,33.299180562311484,0.5130999645027112,0.74,42631257.0,23938732.0,2012,902,7.714285714285714,8.749699157641396,2360,2
2021-06-19,2021.0,24.0,33.21438558615764,0.5134917971312757,0.75,42772733.0,24225356.0,1922,645,6.857142857142857,8.070998796630565,2200,2
2021-06-20,2021.0,24.0,33.128878381643275,0.5138822150743656,0.77,42853621.0,24439652.0,1854,492,6.571428571428571,7.717208182912154,2180,0
2021-06-21,2021.0,24.0,33.04270204873121,0.51427106089712,0.78,43101371.0,24824976.0,1770,715,4.714285714285714,7.2647412755716,2096,0
2021-06-22,2021.0,24.0,32.95590186218275,0.5146581750763015,0.8,43514865.0,25492130.0,1690,849,4.571428571428571,6.859205776173285,1968,0
2021-06-23,2021.0,24.0,32.868525199143804,0.5150433959905166,0.81,44041855.0,26304143.0,1614,764,4.428571428571429,6.398315282791817,1880,0
2021-06-24,2021.0,25.0,32.868525199143804,0.5155903852048068,0.84,44575225.0,26810241.0,1552,696,4.571428571428571,6.09265944645006,1748,0
2021-06-25,2021.0,25.0,32.78014576203047,0.5161351515777591,0.88,44998976.0,27310095.0,1462,650,3.2857142857142856,5.789410348977136,1656,0
2021-06-26,2021.0,25.0,32.69134387003284,0.5166775271348368,0.91,45149971.0,27569929.0,1424,570,3.142857142857143,5.699157641395908,1568,0
2021-06-27,2021.0,25.0,32.602174585696076,0.5172173417642301,0.94,45244331.0,27767825.0,1402,420,2.857142857142857,5.612515042117931,1480,0
2021-06-28,2021.0,25.0,32.512694711880364,0.5177544232070764,0.96,45514074.0,28128807.0,1366,698,3.142857142857143,5.592057761732852,1440,0
2021-06-29,2021.0,25.0,32.42296271934702,0.5182885970476817,0.97,45928674.0,28650185.0,1320,727,2.857142857142857,5.445246690734056,1368,0
2021-06-30,2021.0,25.0,32.333038674344536,0.5188196867037405,1.0,46406218.0,29198872.0,1222,833,3.0,5.528279181708784,1304,0
2021-07-01,2021.0,26.0,32.333038674344536,0.5194018249808785,1.02,46885277.0,29705957.0,1176,673,3.4285714285714284,5.500601684717208,1288,0
2021-07-02,2021.0,26.0,32.24291674302859,0.5199805193699086,1.07,47290327.0,30150805.0,1126,693,3.142857142857143,5.552346570397112,1312,0
2021-07-03,2021.0,26.0,32.15279180677313,0.5205555867300161,1.09,47455606.0,30363703.0,1092,630,3.4285714285714284,5.624548736462094,1300,0
2021-07-04,2021.0,26.0,32.06272958963637,0.5211268417146574,1.15,47557966.0,30534970.0,1090,579,3.4285714285714284,5.815884476534296,1268,0
2021-07-05,2021.0,26.0,31.972797049094133,0.5216940967617816,1.2,47770945.0,30860080.0,1048,915,3.142857142857143,6.077015643802647,1268,0
2021-07-06,2021.0,26.0,31.883062303625973,0.5222571620840505,1.24,48059838.0,31352775.0,1012,1007,3.5714285714285716,6.41395908543923,1304,0
2021-07-07,2021.0,26.0,31.793594560301273,0.5228158456590591,1.27,48405518.0,32006741.0,964,997,3.7142857142857144,6.611311672683514,1328,0
2021-07-08,2021.0,27.0,31.793594560301273,0.5232261376509805,1.27,48690699.0,32573171.0,934,1044,3.4285714285714284,7.0577617328519855,1316,0
2021-07-09,2021.0,27.0,31.70487243476128,0.5236316571065156,1.27,48932951.0,33091378.0,900,1024,3.857142857142857,7.456077015643802,1260,0
2021-07-10,2021.0,27.0,31.616630739972603,0.5240322052393841,1.29,49039357.0,33329192.0,866,1049,4.142857142857143,7.96028880866426,1348,0
2021-07-11,2021.0,27.0,31.52894231322473,0.5244275809891221,1.31,49109270.0,33487581.0,860,949,4.428571428571429,8.405535499398315,1448,0
2021-07-12,2021.0,27.0,31.44188071832741,0.5248175810113025,1.32,49276081.0,33790986.0,866,1421,4.857142857142857,9.014440433212997,1448,0
2021-07-13,2021.0,27.0,31.355520173196716,0.5252019996677556,1.33,49477717.0,34354200.0,808,1645,4.428571428571429,9.782190132370637,1464,0
2021-07-14,2021.0,27.0,31.269935477441148,0.5255806290167898,1.31,49706240.0,35104493.0,788,1624,4.142857142857143,10.536702767749698,1488,0
2021-07-15,2021.0,28.0,30.984221191726864,0.5258980204218165,1.28,49901689.0,35680006.0,786,1537,4.428571428571429,11.129963898916968,1552,0
2021-07-16,2021.0,28.0,30.900414558247153,0.5262091996863588,1.23,50076778.0,36167809.0,752,1595,4.285714285714286,11.817087845968713,1560,0
2021-07-17,2021.0,28.0,30.81761093898346,0.5265139518994836,1.2,50167123.0,36350347.0,738,1516,4.571428571428571,12.379061371841155,1572,0
2021-07-18,2021.0,28.0,30.735886736174848,0.5268120598076189,1.2,50238949.0,36479148.0,738,1358,4.571428571428571,12.871239470517448,1572,0
2021-07-19,2021.0,28.0,30.655318571683217,0.5271033038047743,1.2,50345928.0,36755434.0,726,1987,4.142857142857143,13.552346570397113,1648,1
2021-07-20,2021.0,28.0,30.57598321457944,0.5273874619227613,1.19,50487941.0,37224034.0,714,2170,4.571428571428571,14.184115523465705,1784,1
2021-07-21,2021.0,28.0,30.497957508729396,0.5276643098214142,1.17,50658244.0,37812669.0,706,2109,4.428571428571429,14.767749699157642,1872,1
2021-07-22,2021.0,29.0,30.497957508729396,0.5278888682964645,1.16,50794601.0,38301514.0,700,1931,4.714285714285714,15.24187725631769,1996,1
2021-07-23,2021.0,29.0,30.422781574095044,0.5281056607168009,1.14,50927808.0,38741539.0,706,2066,4.857142857142857,15.808664259927799,2152,1
2021-07-24,2021.0,29.0,30.34914554694316,0.5283144555676504,1.13,50993228.0,38888271.0,702,1915,5.285714285714286,16.28880866425993,2272,1
2021-07-25,2021.0,29.0,30.277125846180617,0.5285150189231456,1.14,51031614.0,38974563.0,734,1681,5.571428571428571,16.677496991576415,2368,1
2021-07-26,2021.0,29.0,30.206798603439776,0.5287071144365451,1.13,51115406.0,39230734.0,730,2449,6.857142857142857,17.233453670276774,2340,1
2021-07-27,2021.0,29.0,30.13823959066453,0.5288905033304544,1.13,51227761.0,39674177.0,734,2724,7.571428571428571,17.90012033694344,2280,1
2021-07-28,2021.0,29.0,30.07152414769643,0.5290649443870464,1.13,51365058.0,40230351.0,704,2709,8.428571428571429,18.62214199759326,2536,1
2021-07-29,2021.0,30.0,30.214381290553572,0.5291310352859787,1.12,51486245.0,40689659.0,688,2301,9.428571428571429,19.067388688327316,2716,1
2021-07-30,2021.0,30.0,30.151576916245396,0.5291876885515249,1.12,51597915.0,41077376.0,698,2511,10.0,19.6028880866426,2836,1
2021-07-31,2021.0,30.0,30.090838814515713,0.5292346555858847,1.13,51658414.0,41212319.0,714,2391,10.0,20.17569193742479,2984,1
2021-08-01,2021.0,30.0,30.032239872657506,0.5292716853117078,1.16,51695393.0,41292563.0,720,2234,10.428571428571429,20.84115523465704,3008,1
2021-08-02,2021.0,30.0,29.975852183791822,0.5292985241623146,1.18,51766305.0,41516523.0,748,3157,11.714285714285714,21.693140794223826,3128,1
2021-08-03,2021.0,30.0,29.921746974453885,0.5293149160719174,1.2,51857378.0,41889424.0,750,3518,12.142857142857142,22.648616125150422,3436,1
2021-08-04,2021.0,30.0,29.869994532179156,0.5293206024658401,1.22,51969114.0,42352934.0,778,3577,13.285714285714286,23.693140794223826,3528,1
2021-08-05,2021.0,31.0,29.727137389322014,0.5293573763627054,1.24,52070036.0,42771688.0,768,3478,12.285714285714286,25.10950661853189,3552,1
2021-08-06,2021.0,31.0,29.680297225711534,0.5293829200287582,1.26,52167146.0,43116674.0,780,3862,12.857142857142858,26.735258724428398,3716,1
2021-08-07,2021.0,31.0,29.636014333633035,0.5293969673039834,1.25,52221706.0,43247528.0,820,3568,14.285714285714286,28.15162454873646,3836,1
2021-08-08,2021.0,31.0,29.59435452048385,0.5293992494803607,1.26,52249513.0,43335885.0,858,3190,15.714285714285714,29.302045728038507,4004,1
2021-08-09,2021.0,31.0,29.555382292592007,0.5293894952920847,1.27,52310506.0,43570076.0,902,4731,16.0,31.196149217809868,4044,1
2021-08-10,2021.0,31.0,29.519160782802288,0.529367430905787,1.3,52396825.0,43915262.0,876,5363,17.714285714285715,33.416365824308066,4236,1
2021-08-11,2021.0,31.0,29.48575167806235,0.5293327799107554,1.31,52517733.0,44338268.0,900,5678,17.714285714285715,35.94464500601685,4640,1
2021-08-12,2021.0,32.0,29.48575167806235,0.5293368126829938,1.31,52637682.0,44692685.0,936,5391,19.571428571428573,38.246690734055356,5144,1
2021-08-13,2021.0,32.0,29.45814629860681,0.5293276982539277,1.3,52753518.0,45001812.0,952,6039,22.142857142857142,40.86642599277978,5604,1
2021-08-14,2021.0,32.0,29.43352898552203,0.5293051524221395,1.29,52820735.0,45130204.0,968,5745,23.428571428571427,43.486161251504214,6028,1
2021-08-15,2021.0,32.0,29.41195491802798,0.5292688883697514,1.3,52859374.0,45209828.0,1024,4997,24.0,45.66064981949459,6324,1
2021-08-16,2021.0,32.0,29.39347746737791,0.5292186166526455,1.29,52942296.0,45392989.0,1082,7136,23.857142857142858,48.55475330926595,6620,1
2021-08-17,2021.0,32.0,29.378148124444447,0.529154045190685,1.28,53056163.0,45641365.0,1142,7610,24.714285714285715,51.25872442839952,7120,1
2021-08-18,2021.0,32.0,29.366016427305713,0.5290748792579343,1.26,53193388.0,45927670.0,1188,8445,27.285714285714285,54.588447653429604,7656,1
2021-08-19,2021.0,33.0,29.22315928444857,0.5290046804816008,1.23,53314403.0,46141434.0,1234,7980,28.857142857142858,57.70397111913358,8096,1
2021-08-20,2021.0,33.0,29.21756331988589,0.5289192898060933,1.22,53446900.0,46351390.0,1294,9194,30.285714285714285,61.50060168471721,8492,1
2021-08-21,2021.0,33.0,29.215301174445923,0.5288184045094046,1.19,53520418.0,46434107.0,1354,7943,30.285714285714285,64.14560770156439,8800,1
2021-08-22,2021.0,33.0,29.216413850889513,0.5287017191846124,1.18,53560575.0,46487848.0,1414,6678,31.428571428571427,66.16847172081829,9092,1
2021-08-23,2021.0,33.0,29.220940037113415,0.5285689257300983,1.16,53652527.0,46628810.0,1540,9386,37.142857142857146,68.87605294825511,9344,1
2021-08-24,2021.0,33.0,29.228916033736372,0.52841971333977,1.14,53774342.0,46804788.0,1600,10507,38.857142857142854,72.36221419975932,9900,1
2021-08-25,2021.0,33.0,29.240375681685205,0.528253768493281,1.12,53915775.0,47005524.0,1664,10979,41.285714285714285,75.4115523465704,10620,1
2021-08-26,2021.0,34.0,29.240375681685205,0.5281270143840926,1.09,54049350.0,47172261.0,1726,10197,44.857142857142854,78.07942238267148,11256,1
2021-08-27,2021.0,34.0,29.258893954228995,0.527982892596172,1.07,54163577.0,47310253.0,1838,9932,46.857142857142854,78.96750902527076,11680,1
2021-08-28,2021.0,34.0,29.280981918588456,0.5278210814077353,1.05,54234389.0,47376190.0,1930,9026,50.142857142857146,80.27075812274369,12148,2
2021-08-29,2021.0,34.0,29.306662852783592,0.5276412563436276,1.05,54271972.0,47423286.0,2006,6754,49.42857142857143,80.36221419975932,12560,2
2021-08-30,2021.0,34.0,29.335957213072913,0.5274430901655431,1.05,54356848.0,47528633.0,2124,10439,49.57142857142857,81.62936221419976,12648,2
2021-08-31,2021.0,34.0,29.368882561539543,0.5272262528622466,1.06,54468371.0,47657067.0,2182,11827,52.57142857142857,83.21780986762936,12568,2
2021-09-01,2021.0,34.0,29.40545349367727,0.5269904116397933,1.06,54594154.0,47811691.0,2258,12946,56.285714285714285,85.58483754512635,12688,2
2021-09-02,2021.0,35.0,29.548310636534413,0.5267372752182163,1.06,54707060.0,47939524.0,2322,10967,55.857142857142854,86.51143200962696,12696,2
2021-09-03,2021.0,35.0,29.592204294068946,0.5264644609023487,1.05,54814070.0,48063665.0,2416,11453,58.142857142857146,88.34175691937425,12796,2
2021-09-04,2021.0,35.0,29.639768798080976,0.5261716274914422,1.03,54862805.0,48118479.0,2502,9735,57.42857142857143,89.19494584837545,12928,2
2021-09-05,2021.0,35.0,29.691006153567933,0.5258584309629223,1.01,54891303.0,48151368.0,2556,7153,58.857142857142854,89.67509025270758,12912,2
2021-09-06,2021.0,35.0,29.745915036868354,0.5255245244626084,0.99,54955683.0,48227127.0,2630,10018,59.0,89.16847172081829,12900,2
2021-09-07,2021.0,35.0,29.80449072324799,0.5251695582949348,0.97,55048385.0,48334999.0,2682,11839,58.0,89.18291215403129,12972,2
2021-09-08,2021.0,35.0,29.866725014485894,0.5247931799131715,0.95,55153275.0,48463908.0,2758,12000,55.714285714285715,88.04452466907341,12992,2
2021-09-09,2021.0,36.0,29.866725014485894,0.5243862133427104,0.94,55257084.0,48587325.0,2778,10316,55.857142857142854,87.26113116726835,13004,2
2021-09-10,2021.0,36.0,29.93623766476109,0.5239571208720882,0.92,55346698.0,48703657.0,2802,10109,54.57142857142857,85.64380264741276,13100,2
2021-09-11,2021.0,36.0,30.009362760172344,0.5235055413424053,0.92,55390733.0,48763994.0,2848,8235,55.142857142857146,83.83874849578821,13116,2
2021-09-12,2021.0,36.0,30.08607748441276,0.52303111070448,0.9,55414684.0,48800259.0,2882,5963,54.42857142857143,82.40673886883273,13016,2
2021-09-13,2021.0,36.0,30.16635518561917,0.5225334620090697,0.89,55478471.0,48882556.0,2980,8588,54.0,80.68592057761732,12956,2
2021-09-14,2021.0,36.0,30.25016530395823,0.522012225397091,0.89,55571700.0,48993581.0,3060,10360,54.285714285714285,78.90613718411552,12864,2
2021-09-15,2021.0,36.0,30.3374732992125,0.5214670280898408,0.89,55676514.0,49132080.0,3038,9701,53.142857142857146,76.1395908543923,12460,2
2021-09-16,2021.0,37.0,30.480330442069647,0.5209887349770093,0.9,55782734.0,49260071.0,3078,8667,51.142857142857146,74.15523465703971,12256,2
2021-09-17,2021.0,37.0,30.57451428689607,0.520485726813523,0.9,55876963.0,49383489.0,3068,8177,48.57142857142857,71.83032490974729,11836,2
2021-09-18,2021.0,37.0,30.67206778154169,0.5199576220031435,0.92,55918796.0,49446446.0,3032,6839,45.142857142857146,70.15042117930204,11388,2
2021-09-19,2021.0,37.0,30.77293974011355,0.5194040359908948,0.93,55943572.0,49485758.0,3052,5341,45.0,69.40192539109506,11120,2
2021-09-20,2021.0,37.0,30.877074634265053,0.5188245812532845,0.94,55996398.0,49566375.0,3064,7791,43.285714285714285,68.44283995186522,10868,2
2021-09-21,2021.0,37.0,30.984412520782012,0.5182188672885243,0.95,56076136.0,49678557.0,2990,8942,40.42857142857143,66.73646209386281,10548,1
2021-09-22,2021.0,37.0,31.09488896916876,0.5175865006067507,0.97,56166619.0,49810823.0,2984,9083,40.285714285714285,65.9927797833935,10236,1
2021-09-23,2021.0,38.0,31.09488896916876,0.5169595546361447,0.98,56257590.0,49935590.0,2902,8218,41.42857142857143,65.45246690734055,9924,1
2021-09-24,2021.0,38.0,31.21143093861261,0.5163051599654558,1.02,56338833.0,50057022.0,2848,8335,41.0,65.64259927797833,9912,1
2021-09-25,2021.0,38.0,31.330890530611214,0.5156229140819185,1.03,56371966.0,50115197.0,2854,7153,42.42857142857143,66.02045728038507,9824,1
2021-09-26,2021.0,38.0,31.45318464140385,0.5149124114455759,1.05,56389910.0,50147998.0,2854,5759,43.57142857142857,66.52346570397111,9692,1
2021-09-27,2021.0,38.0,31.578225317878726,0.514173243479498,1.05,56439377.0,50222409.0,2848,8290,45.714285714285715,67.12394705174489,9700,1
2021-09-28,2021.0,38.0,31.705919685159106,0.5134049985600047,1.04,56512917.0,50325829.0,2806,9728,46.42857142857143,68.06979542719615,9804,1
2021-09-29,2021.0,38.0,31.836169874189356,0.5126072620068846,1.02,56591170.0,50444166.0,2702,9401,47.0,68.45246690734055,10108,1
2021-09-30,2021.0,39.0,31.979027017046498,0.5117499702332013,1.01,56669429.0,50560243.0,2684,8108,46.0,68.32009626955475,10264,1
2021-10-01,2021.0,39.0,32.11407490362456,0.5108623482567604,1.0,56713272.0,50619527.0,2688,8237,46.42857142857143,68.20216606498195,9988,2
2021-10-02,2021.0,39.0,32.251354315573245,0.5099439721690827,1.01,56726775.0,50634398.0,2640,7144,46.42857142857143,68.1913357400722,9928,2
2021-10-03,2021.0,39.0,32.390746682982304,0.5089944149660421,1.02,56732183.0,50641144.0,2640,6024,46.285714285714285,68.51022864019254,9932,2
2021-10-04,2021.0,39.0,32.53212807969303,0.5080132465380848,1.02,56764324.0,50684466.0,2672,8562,46.714285714285715,68.83754512635379,9920,2
2021-10-05,2021.0,39.0,32.67536915088437,0.5070000336604502,1.03,56819270.0,50769111.0,2696,9643,46.42857142857143,68.7352587244284,9704,2
2021-10-06,2021.0,39.0,32.820335040659025,0.5059543399833925,1.04,56877472.0,50862000.0,2694,9575,46.0,68.94464500601684,9332,2
2021-10-07,2021.0,40.0,33.10604932637331,0.5049525390858721,1.05,56939694.0,50958564.0,2728,8674,48.42857142857143,69.62575210589651,9272,2
2021-10-08,2021.0,40.0,33.25403791924799,0.5039173752753614,1.05,56997385.0,51040355.0,2686,9082,50.0,70.64259927797833,9448,2
2021-10-09,2021.0,40.0,33.4033130324173,0.5028484027684805,1.06,57013419.0,51059531.0,2666,8041,49.0,71.72202166064982,9720,2
2021-10-10,2021.0,40.0,33.55371708153973,0.5017451726177465,1.07,57020143.0,51067502.0,2674,6725,47.285714285714285,72.5655836341757,9864,2
2021-10-11,2021.0,40.0,33.70508661912793,0.5006072327017942,1.09,57049700.0,51109024.0,2692,9599,46.142857142857146,73.81347773766547,9912,2
2021-10-12,2021.0,40.0,33.85725226213482,0.4994341277155959,1.12,57099322.0,51186175.0,2750,10983,45.857142857142854,75.4259927797834,10260,2
2021-10-13,2021.0,40.0,34.01003861953965,0.49822539916068326,1.14,57154220.0,51273264.0,2788,11321,45.42857142857143,77.52707581227436,10540,2
2021-10-14,2021.0,41.0,34.01003861953965,0.49701233411535634,1.18,57209529.0,51362862.0,2778,10510,42.714285714285715,79.73646209386281,10616,2
2021-10-15,2021.0,41.0,34.163515838713934,0.495762718884937,1.2,57257539.0,51436706.0,2792,11638,40.857142857142854,82.81227436823104,10992,2
2021-10-16,2021.0,41.0,34.31705082724285,0.4944760853319573,1.22,57272547.0,51455866.0,2800,10801,40.857142857142854,86.13357400722022,11144,2
2021-10-17,2021.0,41.0,34.47044343807191,0.4931519620863905,1.24,57278221.0,51463311.0,2828,8737,42.142857142857146,88.55475330926595,11312,2
2021-10-18,2021.0,41.0,34.623487154103366,0.49178987453587203,1.25,57303424.0,51499732.0,2902,12765,42.142857142857146,92.36462093862816,11548,2
2021-10-19,2021.0,41.0,34.77596901578237,0.4903893448159202,1.26,57348365.0,51572562.0,2934,15950,42.285714285714285,98.34175691937425,12336,2
2021-10-20,2021.0,41.0,34.92766954868302,0.48894989180015686,1.26,57396642.0,51652622.0,2944,16407,40.0,104.46209386281589,13444,2
2021-10-21,2021.0,42.0,35.213383834397305,0.48747689924259247,1.23,57445832.0,51732527.0,3050,14697,41.42857142857143,109.50060168471721,14200,2
2021-10-22,2021.0,42.0,35.36283686490976,0.48596401131165307,1.22,57486105.0,51794727.0,3062,15419,40.714285714285715,114.05054151624549,14744,2
2021-10-23,2021.0,42.0,35.510810330000695,0.4844107370365947,1.2,57500699.0,51811777.0,3186,13645,40.714285714285715,117.47292418772564,15364,2
2021-10-24,2021.0,42.0,35.65705797162091,0.48281658214565965,1.19,57505307.0,51817448.0,3234,9927,37.714285714285715,118.9049338146811,15692,3
2021-10-25,2021.0,42.0,35.801326654780546,0.48118104905629683,1.18,57532484.0,51856107.0,3342,14373,32.714285714285715,120.83995186522262,15796,3
2021-10-26,2021.0,42.0,35.94335629513524,0.479503636865383,1.14,57576015.0,51930180.0,3390,19287,28.857142857142858,124.85559566787003,15844,3
2021-10-27,2021.0,42.0,36.08287978657219,0.4777838413394427,1.08,57623251.0,52011019.0,3516,19561,26.714285714285715,128.65102286401927,15388,3
2021-10-28,2021.0,42.0,36.16312210220931,0.47586026415676647,0.99,57672486.0,52091458.0,3604,17077,21.0,131.5150421179302,15568,3
2021-10-29,2021.0,42.0,36.29680352832903,0.47389328514194,0.8985867857058661,57713887.0,52154901.0,3724,15361,17.285714285714285,131.44524669073405,15108,3
2021-10-30,2021.0,42.0,36.427134632442815,0.47188239001175647,0.885714900483803,57726752.0,52169023.0,3858,11980,13.428571428571429,129.44163658243082,14164,3
2021-10-31,2021.0,42.0,36.55381949722499,0.46982706111353956,0.8724677339858846,57730889.0,52173688.0,3956,5003,11.857142857142858,123.51624548736461,13304,3
2021-11-01,2021.0,42.0,36.67655482151185,0.4677267774153645,0.8588396536302277,57742992.0,52191187.0,4106,5171,9.142857142857142,112.44283995186522,12816,3
2021-11-02,2021.0,42.0,36.79502984788779,0.46558101449627876,0.8448249812294973,57742992.0,52191187.0,4262,,,93.51974678938615,10952,3
